shapeName,shapeISO,shapeID,shapeGroup,shapeType,name_norm,tehsil_key,tehsil,spi_mean,spi_median,spi_std,spi_min,spi_max,spi_p25,spi_p75,spi_count,spi_range,ai_mean,ai_median,ai_std,ai_min,ai_max,ai_p25,ai_p75,ai_count,ai_range,area_km2,spi,ai,spi_z,ai_z,gap_index,gap_rank,queen_neighbors,spi_local_I,spi_spatial_lag,spi_local_p,spi_quadrant,spi_cluster,ai_local_I,ai_spatial_lag,ai_local_p,ai_quadrant,ai_cluster,gap_local_I,gap_spatial_lag,gap_local_p,gap_quadrant,gap_cluster,ols_fitted_spi,ols_residual,priority_strict,priority_relaxed,priority_lisa_gap,tri_mean,tri_count,forest_mean,forest_count,water_mean,water_count,snow_mean,snow_count,forest_pct,water_pct,snow_pct,tri_mean_z,forest_pct_z,water_pct_z,snow_pct_z,spi_sens_proposal,gap_sens_proposal,priority_sens_proposal,spi_sens_equal,gap_sens_equal,priority_sens_equal,spi_sens_terrain_emphasis,gap_sens_terrain_emphasis,priority_sens_terrain_emphasis,spi_sens_vegetation_water_emphasis,gap_sens_vegetation_water_emphasis,priority_sens_vegetation_water_emphasis,priority_frequency,spi_class,ai_class,bivariate_class
BAGH,,9618217B73079690921862,PAK,ADM3,BAGH,BAGH,BAGH,-0.1030802130699157,-0.1382194012403488,0.4247084856033325,-1.0712755918502808,1.279578447341919,-0.4176640510559082,0.1915295273065567,44829,2.35085391998291,0.866644024848938,0.9258747100830078,0.1488141417503357,0.2405559569597244,1.0,0.7937005162239075,0.9746546149253844,44935,0.7594440579414368,449.2769935179932,-0.1030802130699157,0.866644024848938,0.4095246377490897,0.6921114702924479,-0.2825868325433582,39,6,0.17262958089254632,0.42153649617123695,0.509,1,Not Significant,0.3986143348227692,0.5759395009800037,0.242,1,Not Significant,0.012689386066018314,-0.08326686590508016,0.963,3,Not Significant,-0.38644224061393023,0.2833620275440145,False,False,False,38.984832763671875,44935,0.3619672954082489,44935,0.0010682096472010016,44935,0.055200885981321335,44829,36.19672954082489,0.10682096472010016,5.5200885981321335,-0.027431911662673482,1.3902314931347894,-0.692640526211823,-0.5026692515814433,0.12265661563904685,-0.4968958139843884,False,0.041872450919712395,-0.6238769665148142,False,0.08503387612663126,-0.5693082954152927,False,0.16027935515146252,-0.41136214826388234,False,0,Medium,Medium,Medium SPI / Medium AI
DHEERKOT,,9618217B97675599580596,PAK,ADM3,DHEERKOT,DHEERKOT,DHEERKOT,-0.3662183284759521,-0.3762187361717224,0.2583025395870209,-1.064640760421753,1.071111083030701,-0.5552635788917542,-0.1854299753904342,21920,2.135751724243164,0.8468368053436279,0.8968043327331543,0.1494426429271698,0.2509389817714691,1.0,0.7584357857704163,0.9643452763557434,23006,0.7490609884262085,230.17283944944074,-0.3662183284759521,0.8468368053436279,-0.4330391530779987,0.6117417620787129,-1.0447809151567116,50,4,-0.2628815867090405,0.6070619361794534,0.467,2,Not Significant,0.31416509159399775,0.5135583526723062,0.431,1,Not Significant,-0.028410993948010926,0.050424862904559414,0.916,2,Not Significant,-0.36838927638318736,0.0021709479072352655,False,False,False,37.58955764770508,23006,0.20416413247585297,23006,8.693384006619453e-05,23006,0.029929788783192635,21920,20.416413247585297,0.008693384006619453,2.9929788783192635,-0.12883099871805515,0.25593011396411713,-0.7000898905091665,-0.7360784387623056,-0.23797961491237193,-0.9905011667061183,False,-0.3272673035063525,-1.145049977072343,False,-0.22865472595692493,-0.9419575252218698,False,-0.24730450386781885,-1.0449265083605384,False,0,Medium,Medium,Medium SPI / Medium AI
BARNALA,,9618217B79573260848394,PAK,ADM3,BARNALA,BARNALA,BARNALA,-0.6669787764549255,-0.8162150382995605,0.405045598745346,-1.1776703596115112,1.0104544162750244,-1.0101099014282229,-0.4159802496433258,40034,2.188124656677246,0.9480075240135192,0.9784520268440248,0.0690929964184761,0.5202189683914185,1.0,0.932933270931244,0.9847147464752196,42574,0.4797810316085815,425.7600286789205,-0.6669787764549255,0.9480075240135192,-1.3960690158897469,1.022251734823408,-2.4183207507131548,75,2,0.907946653828916,-0.6503594331618777,0.163,3,Not Significant,0.8038212366740968,0.7863241599809612,0.198,1,Not Significant,1.0104340572484218,-0.7747785753678622,0.16,3,Not Significant,-0.4605996628463886,-0.20637911360853695,False,False,False,9.399435997009277,42574,0.21499036252498627,42574,0.0035702541936188936,42574,0.00036567437928169966,40034,21.499036252498627,0.35702541936188936,0.036567437928169966,-2.1774969332352483,0.3337498955689498,-0.6736462320705348,-1.0091388388960145,-1.0736613716503711,-2.7310507932951893,False,-0.8816330271582119,-2.458943182321004,False,-1.2744162481488166,-2.8627224803254228,False,-0.8729064951519254,-2.5512565556666624,False,0,Low,High,Low SPI / High AI
BHIMBER,,9618217B68732265330698,PAK,ADM3,BHIMBER,BHIMBER,BHIMBER,-0.4752815663814544,-0.4999833106994629,0.2999852299690246,-1.0910860300064087,0.575555145740509,-0.6910672783851624,-0.2581332921981811,35951,1.6666412353515625,0.8362804651260376,0.8866513967514038,0.1586118638515472,0.2038170993328094,1.0,0.7458211183547974,0.969663143157959,37207,0.7961828708648682,372.16655806900684,-0.4752815663814544,0.8362804651260376,-0.7822577945041606,0.5689083910007985,-1.351166185504959,54,3,0.6601602125238829,-0.8439164392632611,0.198,3,Not Significant,0.5472694451186314,0.961964094352518,0.261,1,Not Significant,0.7096279716660527,-0.9738800900890361,0.173,3,Not Significant,-0.3587678738281936,-0.11651369255326083,False,False,False,13.636903762817383,37207,0.30902788043022156,37207,0.000134383313707076,37207,0.0013758253771811724,35951,30.902788043022156,0.013438331370707601,0.13758253771811724,-1.8695466530628504,1.0096988706816483,-0.6997296773944662,-0.9998088710872916,-0.7853112096967151,-1.8187801766219294,False,-0.6398465827157399,-1.611589512035188,False,-0.9877643346673592,-1.9954057101037557,False,-0.5828580847260709,-1.5898571711545313,False,0,Low,Medium,Low SPI / Medium AI
SAMAHNI,,9618217B74772899110096,PAK,ADM3,SAMAHNI,SAMAHNI,SAMAHNI,-0.3928961455821991,-0.4266119301319122,0.3386263251304626,-1.0773807764053345,1.0109184980392456,-0.6514258980751038,-0.165459394454956,38294,2.08829927444458,0.9434452652931212,0.9731379747390748,0.0782277658581733,0.4252745509147644,1.0,0.9258747100830078,1.0,39832,0.5747254490852356,398.29089868549937,-0.3928961455821991,0.9434452652931212,-0.5184610718195949,1.0037399289611237,-1.5222010007807185,59,4,0.43874834564549076,-0.846251279976829,0.283,3,Not Significant,0.8671656978438959,0.8639346436495924,0.085,1,HH,0.757091328564762,-0.9222736445558575,0.133,3,Not Significant,-0.4564414672213712,0.06354532163917209,False,False,False,21.258481979370117,39832,0.3330739140510559,39832,0.0,39832,0.0015146497171372175,38295,33.30739140510559,0.0,0.15146497171372175,-1.315662287007818,1.1825436260898892,-0.7007498495540256,-0.9985266601846142,-0.5205579772191522,-1.8322404271999015,False,-0.4580987926641422,-1.750248507083437,False,-0.6762138947467271,-1.9803061747157058,False,-0.3649020596915772,-1.6429114914398153,False,0,Medium,High,Medium SPI / High AI
HATTIAN BALA,,9618217B68754169353282,PAK,ADM3,HATTIAN BALA,HATTIAN BALA,HATTIAN BALA,0.2319756299257278,0.2499504387378692,0.505976676940918,-1.1532071828842163,2.116466999053955,-0.1378740668296814,0.597943902015686,70027,3.269674301147461,0.8011972308158875,0.8572439551353455,0.1858593374490738,0.188559427857399,1.0,0.6843665838241577,0.9622238278388976,72407,0.8114405870437622,724.0401355896432,0.2319756299257278,0.8011972308158875,1.4823677748125355,0.42655477574728173,1.0558129990652536,30,3,0.5452869504195634,0.3678486268284685,0.262,1,Not Significant,0.18125035715530757,0.4249169566505846,0.625,1,Not Significant,-0.017523268222187676,-0.030775961728273498,0.961,4,Not Significant,-0.32679183731634914,0.5587674672420769,False,False,False,48.72397994995117,72407,0.4966094493865967,72407,0.006339166313409805,72407,0.10331389307975769,70027,49.66094493865967,0.6339166313409805,10.331389307975769,0.6803429365273447,2.35804974287151,-0.6526260102963128,-0.05828736378178497,0.722381303702285,0.723160138301108,False,0.5818698263301891,0.5216485892515176,False,0.7051444107262597,0.5917919859022852,False,0.7396181966783103,0.8689789321416787,False,0,High,Medium,High SPI / Medium AI
HAVELI,,9618217B64863264884629,PAK,ADM3,HAVELI,HAVELI,HAVELI,0.0557818636298179,0.0253110416233539,0.4854118824005127,-1.1355230808258057,1.853785753250122,-0.3016602993011474,0.3960933983325958,52193,2.989308834075928,0.828268826007843,0.8908987045288086,0.1742001175880432,0.1881411671638488,1.0,0.7279328107833862,0.9622238278388976,54211,0.8118588328361511,542.024777328295,0.0557818636298179,0.828268826007843,0.9181983179426685,0.5364003906693828,0.38179792727328565,35,2,0.19964447681433017,0.21743067147155878,0.648,1,Not Significant,0.4391736313855085,0.8187421915137989,0.482,1,Not Significant,-0.06676764095168451,-0.32427688676492816,0.856,4,Not Significant,-0.3514657972095338,0.4072476608393517,False,False,False,45.039939880371094,54211,0.4057294726371765,54211,0.00027669660630635917,54211,0.1009155735373497,52193,40.57294726371765,0.027669660630635917,10.09155735373497,0.41261200987635,1.7047974185817334,-0.6986493047273544,-0.08043874924022397,0.43944848526446884,0.16300929072065307,False,0.3345803436226263,0.008825007399980822,False,0.43040228055938495,0.08517266861760009,False,0.44849468996955283,0.24919411102658107,False,0,High,Medium,High SPI / Medium AI
KOTLI,,9618217B93166287325125,PAK,ADM3,KOTLI,KOTLI,KOTLI,-0.4150692820549011,-0.4353774785995483,0.3374435007572174,-1.2338253259658811,1.0040903091430664,-0.6702654361724854,-0.1820978671312332,92875,2.237915515899658,0.9436764121055604,0.9746546149253844,0.0788736566901207,0.391823261976242,1.0,0.9258747100830078,1.0,93973,0.6081767082214355,939.7529399679773,-0.4150692820549011,0.9436764121055604,-0.5894590794329672,1.004677829501141,-1.5941369089341082,63,7,0.29097370364772196,-0.49362833451920957,0.311,3,Not Significant,0.8721241441397185,0.8680634911320374,0.033,1,HH,0.6313023250438148,-0.7343368141764842,0.085,3,LL,-0.45665214217935285,0.041582860124451726,False,False,False,23.862579345703125,93973,0.3002990186214447,93973,0.00019154438632540405,93973,0.003169295145198703,92875,30.02990186214447,0.019154438632540405,0.3169295145198703,-1.1264142365496643,0.946955134724166,-0.6992957385869824,-0.9832440057985213,-0.5011726595259989,-1.8023253851856773,False,-0.4654997115527505,-1.763246796178951,False,-0.6261970529878245,-1.9090113693612558,False,-0.3761482660641733,-1.6635485279759563,False,0,Low,High,Low SPI / High AI
NAKIAL,,9618217B15093186041287,PAK,ADM3,NAKIAL,NAKIAL,NAKIAL,-0.3810041844844818,-0.3851682543754577,0.2837549448013305,-1.0956517457962036,0.8419301509857178,-0.5908364653587341,-0.1834420561790466,18210,1.9375818967819212,0.9549785256385804,0.9746546149253844,0.0663983449339866,0.5286526083946228,1.0,0.9469975233078004,1.0,19056,0.4713473916053772,190.82236338762738,-0.3810041844844818,0.9549785256385804,-0.4803832137054257,1.050537247911878,-1.5309204616173036,60,1,0.2831662469258505,-0.5894590794329672,0.737,3,Not Significant,1.0554514820422078,1.004677829501141,0.247,1,Not Significant,0.7097594541363464,-0.8596904211479351,0.46,3,Not Significant,-0.46695326754875194,0.08594908306427013,False,False,False,29.442136764526367,19056,0.2764483690261841,19056,5.247690933174454e-05,19056,0.01746203377842903,18210,27.644836902618408,0.005247690933174454,1.7462033778429031,-0.7209300263265516,0.7755148148516763,-0.7003514706151295,-0.8512332553029777,-0.3622485892361741,-1.6270784782888246,False,-0.37424998434824563,-1.6604074945748866,False,-0.43809975908065657,-1.6832267568306893,False,-0.2863974193916916,-1.552198121509512,False,0,Medium,High,Medium SPI / High AI
SEHNSA,,9618217B87362341551768,PAK,ADM3,SEHNSA,SEHNSA,SEHNSA,-0.2906353175640106,-0.297834575176239,0.3731556534767151,-1.0839200019836426,0.9850279092788696,-0.572938084602356,-0.0244412422180175,47466,2.0689477920532227,0.8273777365684509,0.9015079140663148,0.1868960410356521,0.1317675560712814,1.0,0.7292121648788452,0.9731379747390748,48546,0.8682324290275574,485.5476113404175,-0.2906353175640106,0.8273777365684509,-0.19102363169363562,0.5327847091136206,-0.7238083408072562,46,3,0.1094460728699973,-0.5729452000238763,0.751,3,Not Significant,0.45629579802488257,0.8564356112697178,0.37,1,Not Significant,0.3008877261972803,-0.7708403116162712,0.508,3,Not Significant,-0.35065362840555675,0.06001831084154613,False,False,False,22.803359985351562,48546,0.3974786698818207,48546,0.00012359411630313843,48546,0.0031258328817784786,47466,39.74786698818207,0.012359411630313843,0.31258328817784786,-1.203391081404102,1.6454900081930408,-0.699811583685596,-0.9836454324361706,-0.35749306211592546,-1.1017572213824298,False,-0.31033952233320694,-1.0385077524004238,False,-0.5251160914817078,-1.2911403921710976,False,-0.18987003275014297,-0.8653658011561396,False,0,Medium,Medium,Medium SPI / Medium AI
DUDYAL,,9618217B37808039502792,PAK,ADM3,DUDYAL,DUDYAL,DUDYAL,-0.4524519145488739,-0.4869466423988342,0.2993616461753845,-1.0450944900512695,0.733349084854126,-0.6541008949279785,-0.2791733741760254,30598,1.7784435749053955,0.926343321800232,0.9548416137695312,0.0757268294692039,0.5155506730079651,1.0,0.8893114328384399,0.9847147464752196,31759,0.4844493269920349,317.5687767404139,-0.4524519145488739,0.926343321800232,-0.7091576358227004,0.9343471397287527,-1.6435047755514531,64,3,0.33039700140372885,-0.46590064706901485,0.434,3,Not Significant,0.7466564698211804,0.7991210526292613,0.153,1,Not Significant,0.604646978528324,-0.6822042897821391,0.237,3,Not Significant,-0.44085418228869583,-0.011597732260178073,False,False,False,9.195517539978027,31759,0.37413015961647034,31759,0.0002833842299878597,31759,0.002362823113799095,30598,37.413015961647034,0.028338422998785973,0.23628231137990952,-2.1923163370503755,1.4776591047851444,-0.6985985355707882,-0.990692751686255,-0.7958353784909601,-2.200968796586436,False,-0.6009871298805686,-1.913703678059291,False,-1.0540200406567153,-2.456528807468289,False,-0.5376507163252047,-1.8761095641771919,False,0,Low,High,Low SPI / High AI
MIRPUR,,9618217B94086344698677,PAK,ADM3,MIRPUR,MIRPUR,MIRPUR,-0.423738956451416,-0.4636507332324981,0.4084177911281585,-1.1369010210037231,0.5684335231781006,-0.7873468399047852,-0.1099825128912925,56758,1.7053345441818235,0.907995879650116,0.9409297704696656,0.0935675352811813,0.409347653388977,1.0,0.8562170267105103,0.9847147464752196,58237,0.590652346611023,582.1858084312614,-0.423738956451416,0.907995879650116,-0.6172192300804418,0.8599006192730222,-1.477119849353464,56,4,0.4010899765957871,-0.6498338953948558,0.32,3,Not Significant,0.7549225090151436,0.8779183222979541,0.12,1,Not Significant,0.6562987821233385,-0.823890307085482,0.168,3,Not Significant,-0.4241317081033174,0.0003927516519013907,False,False,False,6.924880027770996,58237,0.3967752456665039,58237,0.002541339723393321,58237,0.0028884741477668285,56758,39.67752456665039,0.2541339723393321,0.28884741477668285,-2.3573307977375504,1.6404337403543685,-0.6814572457160241,-0.9858377277980056,-0.8169909923193337,-2.1601927554325253,False,-0.5960480077243029,-1.831208463485413,False,-1.100672896825006,-2.4494568336699594,False,-0.5333090878136614,-1.794058138773074,False,0,Low,High,Low SPI / High AI
MUZAFFARABAD,,9618217B57894485120071,PAK,ADM3,MUZAFFARABAD,MUZAFFARABAD,MUZAFFARABAD,0.1210108399391174,0.0868879258632659,0.5025731921195984,-1.104190230369568,2.49973201751709,-0.2720025777816772,0.5059743523597717,128708,3.6039223670959473,0.6888999342918396,0.7616303563117981,0.2734993696212768,0.0205804910510778,1.0,0.4849259257316589,0.9258747100830078,130306,0.9794195294380188,1303.0581155334173,0.1210108399391174,0.6888999342918396,1.1270603958143144,-0.029102362419406887,1.1561627582337213,27,5,0.9428818491450608,0.836585024765969,0.045,1,HH,-0.0018483816927910136,0.0635131150575742,0.989,2,Not Significant,0.2599392193888042,0.41690428965679194,0.446,1,Not Significant,-0.22444031458928132,0.3454511545283987,False,True,False,47.625328063964844,130306,0.41140854358673096,130306,0.06777892261743546,130306,0.0736878514289856,128708,41.140854358673096,6.7778922617435455,7.36878514289856,0.6005004044303716,1.745619021208592,-0.18620553633692644,-0.3319197370372341,0.5895758492513263,0.9674491100068209,True,0.4569985380662007,0.773817987779926,True,0.5716552154507801,0.8546683437689749,True,0.6074964830518723,1.0932083765119822,True,5,High,Medium,High SPI / Medium AI
ATHUMQAM,,9618217B55768510626440,PAK,ADM3,ATHUMQAM,ATHUMQAM,ATHUMQAM,0.292233794927597,0.2413471788167953,0.4647551774978637,-0.977713942527771,2.270752191543579,-0.0560502149164676,0.6191989779472351,345318,3.2484660148620605,0.5039011240005493,0.5021505951881409,0.3099473714828491,0.0030726809054613,1.0,0.2222855687141418,0.7838425636291504,349429,0.9969273209571838,3494.316731916934,0.292233794927597,0.5039011240005493,1.6753133990293698,-0.7797529218789566,2.4550663209083265,11,4,1.2100577653919327,0.7222874037138406,0.036,1,HH,0.5180281310352821,-0.6643490732769541,0.231,3,Not Significant,0.990053789868295,0.7477890325495115,0.06,1,HH,-0.055826193661136725,0.3480599885887337,False,True,True,54.25493621826172,349429,0.3083544969558716,349429,0.08816096931695938,349429,0.2559393346309662,345318,30.835449695587158,8.816096931695938,25.59393346309662,1.0822951463331678,1.0048585380199186,-0.03147504172343453,1.351393425947666,0.8805466985857098,2.1811979297875412,True,0.8517680171443296,2.167776949776045,True,0.9401070384042024,2.137425114411635,True,0.8209863587672172,2.217813134941235,True,5,High,Low,High SPI / Low AI
ABBASPUR,,9618217B83205974251307,PAK,ADM3,ABBASPUR,ABBASPUR,ABBASPUR,-0.223064586520195,-0.2459912747144699,0.4193231165409088,-1.138911247253418,0.9647436141967772,-0.5463826656341553,0.0719681978225708,10289,2.1036548614501958,0.9290606379508972,0.9622238278388976,0.0833767503499984,0.5562490820884705,1.0,0.8968043327331543,1.0,10416,0.4437509179115295,104.27144702372694,-0.223064586520195,0.9290606379508972,0.02533670519402784,0.9453729127351499,-0.920036207541122,49,4,0.0013813775526918665,0.05452080458423117,0.98,1,Not Significant,0.7700143478685428,0.8145085790968345,0.103,1,Not Significant,0.20335013570262073,-0.4098482421907387,0.552,3,Not Significant,-0.44333083537260937,0.22026624885241436,False,False,False,38.705631256103516,10416,0.30568355321884155,10416,0.0,10416,0.029277782887220383,10289,30.568355321884155,0.0,2.9277782887220383,-0.04772237455987861,0.9856595871985186,-0.7007498495540256,-0.7421005028231918,-0.024139098358605712,-0.9837917938057593,False,-0.12622828493464436,-1.1510719868526955,False,-0.043156822696818184,-1.0076986008748667,False,-0.005121374020393185,-0.9543436393937477,False,0,Medium,High,Medium SPI / High AI
HAJEERA,,9618217B82484311896760,PAK,ADM3,HAJEERA,HAJEERA,HAJEERA,-0.3930440545082092,-0.4161876440048218,0.3100274801254272,-1.1156415939331057,0.967186152935028,-0.6280293464660645,-0.1935980319976806,25919,2.0828278064727783,0.9585066437721252,0.9746546149253844,0.0554786324501037,0.4665346443653106,1.0,0.9469975233078004,1.0,26795,0.5334653854370117,267.82666791784163,-0.3930440545082092,0.9585066437721252,-0.5189346736967076,1.064852928356605,-1.5837876020533126,62,4,0.20433653738357085,-0.3937615806782566,0.547,3,Not Significant,0.9437264758243183,0.886250533471113,0.068,1,HH,0.5895816527335365,-0.6902883606297676,0.199,3,Not Significant,-0.4701689127557758,0.07712485824756665,False,False,False,29.24726676940918,26795,0.2835603654384613,26795,0.0012688934803009033,26795,0.014650938101112843,25919,28.35603654384613,0.12688934803009033,1.4650938101112843,-0.735091849592265,0.8266363968858651,-0.6911170330506968,-0.8771971282597321,-0.3571806164645389,-1.633328163877819,False,-0.36919240350420723,-1.6664814430066026,False,-0.4374657696155238,-1.6966268501858544,False,-0.27689546331355397,-1.549869938342725,False,0,Medium,High,Medium SPI / High AI
RAWALAKOT,,9618217B87664867246475,PAK,ADM3,RAWALAKOT,RAWALAKOT,RAWALAKOT,-0.4154584109783172,-0.4546713829040527,0.3457351624965668,-1.0788499116897583,1.107825517654419,-0.6558527946472168,-0.2180447876453399,35278,2.186675548553467,0.9338163137435912,0.9622238278388976,0.0818173140287399,0.4124302864074707,1.0,0.9082183837890624,1.0,35662,0.5875697135925293,356.77077892190624,-0.4154584109783172,0.9338163137435912,-0.5907050636581259,0.9646695270689019,-1.5553745907270278,61,5,0.11073727715714184,-0.18746627372951,0.662,3,Not Significant,0.7610009601380394,0.7888721876084351,0.086,1,HH,0.4416399369596883,-0.526522419941811,0.264,3,Not Significant,-0.4476653178049112,0.032206906826593995,False,False,False,31.616334915161133,35662,0.20901800692081451,35662,0.0001962873648153618,35662,0.0360499806702137,35278,20.90180069208145,0.01962873648153618,3.60499806702137,-0.5629241212337021,0.29082014008862433,-0.6992597322222384,-0.679551054828763,-0.3942492181400869,-1.5921417548584276,False,-0.41272869204901974,-1.6372439018232252,False,-0.4301196506567764,-1.5858344213875621,False,-0.35837878562339737,-1.5924147597478675,False,0,Low,High,Low SPI / High AI
PALLANDARI,,9618217B46803973144296,PAK,ADM3,PALLANDARI,PALLANDARI,PALLANDARI,-0.3622144758701324,-0.3835003077983856,0.3176468908786773,-1.1178336143493652,1.0410847663879397,-0.6040066480636597,-0.1421387046575546,56661,2.1589183807373047,0.8514060378074646,0.9015079140663148,0.1518187224864959,0.1538906246423721,1.0,0.7755824327468872,0.9643452763557434,57278,0.8461093902587891,572.5306834574859,-0.3622144758701324,0.8514060378074646,-0.4202188848159612,0.6302818645792597,-1.050500749395221,51,4,0.19856628686662078,-0.47253061212035913,0.562,3,Not Significant,0.5620514882424851,0.8917462485100671,0.209,1,Not Significant,0.4168039452128491,-0.7357308787624542,0.348,3,Not Significant,-0.37255382811188803,0.01033935224175564,False,False,False,30.4444637298584,57278,0.2752016484737396,57278,1.7458709407947026e-05,57278,0.018879860639572144,56661,27.520164847373962,0.0017458709407947026,1.8879860639572144,-0.6480877330378654,0.7665532907871428,-0.7006173116012956,-0.8381379071814441,-0.33344091891583616,-1.1609738903373508,False,-0.3550724152583655,-1.208900730399567,False,-0.40154649117891505,-1.2101823257098188,False,-0.26533534665275726,-1.095049885467421,False,0,Medium,Medium,Medium SPI / Medium AI
BAR CHAMARKAND,,9618217B38361138378149,PAK,ADM3,BAR CHAMARKAND,BAR CHAMARKAND,BAR CHAMARKAND,-0.6170431971549988,-0.6336761713027954,0.253347635269165,-1.091953992843628,0.4228653907775879,-0.8135049343109131,-0.44856858253479,1547,1.5148193836212158,0.9120280146598816,0.9469975233078004,0.0898488461971283,0.5641329884529114,1.0,0.8609723448753357,0.9784520268440248,1665,0.4358670115470886,16.66556358839703,-0.6170431971549988,0.9120280146598816,-1.2361761363379926,0.8762613969241394,-2.112437533262132,71,2,2.163281591468653,-1.749978443910985,0.009,3,LL,0.7562285863587079,0.8630171191076408,0.226,1,Not Significant,1.6052973506899926,-1.409143244497841,0.034,3,LL,-0.4278067311970591,-0.1892364659579397,False,False,False,36.46294403076172,1665,0.057057056576013565,1665,0.0,1665,0.026073142886161804,1547,5.7057056576013565,0.0,2.6073142886161804,-0.21070559887034265,-0.8014869617027268,-0.7007498495540256,-0.7716992342114652,-0.5405588350163437,-1.7365945081961431,False,-0.62116041108464,-1.8884919085304683,False,-0.4865175543405403,-1.5788743204784463,False,-0.594600115692147,-1.9177778118169129,False,0,Low,High,Low SPI / High AI
BARANG,,9618217B27103402875346,PAK,ADM3,BARANG,BARANG,BARANG,-0.5786593556404114,-0.5917872190475464,0.3003450334072113,-1.2054929733276367,0.8000916242599487,-0.8160840272903442,-0.3715288043022156,26462,2.005584716796875,0.9097644686698914,0.9442119598388672,0.0943721532821655,0.5104225277900696,1.0,0.8609723448753357,0.9784520268440248,26710,0.4895774722099304,267.0539384890698,-0.5786593556404114,0.9097644686698914,-1.113271725613863,0.8670768402176762,-1.9803485658315392,69,5,1.5379594552027713,-1.3814771540656297,0.007,3,LL,0.7384918713645413,0.8517029138722535,0.092,1,HH,1.286169843228734,-1.204315327212619,0.011,3,LL,-0.42574365945793996,-0.15291569618247142,False,False,False,39.55876159667969,26710,0.05099213868379593,26710,0.00018719580839388072,26710,0.015049578621983528,26462,5.099213868379593,0.018719580839388072,1.5049578621983528,0.014277324770908591,-0.8450820620914723,-0.6993287508562667,-0.8735152002759851,-0.4764526158271557,-1.6253809040775669,False,-0.6009121721132038,-1.8463112288782508,False,-0.3978043427026779,-1.44157301149722,False,-0.5551008889516336,-1.8394054229185097,False,0,Low,High,Low SPI / High AI
KHAR,,9618217B31254576320005,PAK,ADM3,KHAR,KHAR,KHAR,-0.9129262566566468,-0.9853159189224244,0.1781276315450668,-1.171804428100586,0.0388825684785842,-1.0194660425186155,-0.9045846462249756,27496,1.2106870412826538,0.9581819772720336,0.9784520268440248,0.0584083124995231,0.4994658827781677,1.0,0.9499515891075134,1.0,27639,0.5005341172218323,276.41142835889747,-0.9129262566566468,0.9581819772720336,-2.1835886838153566,1.0635355626419398,-3.2471242464572967,81,7,3.17210910472469,-1.4527044988995388,0.001,3,LL,0.9716928334671666,0.9136439509868143,0.023,1,HH,2.234655309711617,-1.2761307288379515,0.001,3,LL,-0.4698730008176311,-0.4430532558390157,False,False,False,12.835186004638672,27639,0.008249212987720966,27639,0.00025326531613245606,27639,0.005125092808157206,27496,0.8249212987720966,0.025326531613245606,0.5125092808157206,-1.9278100362660116,-1.1523215284361237,-0.6988271835817937,-0.9651798458128132,-1.3437468102037164,-3.2021924471408134,False,-1.1860346485241857,-2.996273769447721,False,-1.4439703782294218,-3.1488709013611915,False,-1.243523242178011,-3.241721935043592,False,0,Low,High,Low SPI / High AI
MAMUND,,9618217B90172425710539,PAK,ADM3,MAMUND,MAMUND,MAMUND,-0.768831193447113,-0.88642418384552,0.275571197271347,-1.1288204193115234,0.5442036986351013,-0.9854012727737428,-0.5967621803283691,26014,1.6730241775512695,0.9441233277320862,0.969663143157959,0.0656173005700111,0.5848751664161682,1.0,0.9258747100830078,0.9847147464752196,26599,0.4151248335838318,266.03283752224746,-0.768831193447113,0.9441233277320862,-1.7221987308245001,1.0064912328660305,-2.7286899636905306,79,3,2.984081855908217,-1.7327163250663833,0.001,3,LL,0.9790728167655764,0.9727584153690251,0.097,1,HH,2.146992950173927,-1.4590156629427578,0.002,3,LL,-0.457059476071809,-0.311771717375304,False,False,False,24.00309181213379,26599,0.027933381497859955,26599,7.519079372286797e-05,26599,0.014952587895095348,26014,2.7933381497859955,0.007519079372286797,1.4952587895095348,-1.116202748038958,-1.0108301978824772,-0.7001790379532755,-0.8744110270993937,-0.9703861103417666,-2.5509212696449657,False,-0.9254057527435261,-2.514513833513354,False,-0.9964559233538748,-2.4455406633632863,False,-0.9443162973296584,-2.660579246916839,False,0,Low,High,Low SPI / High AI
NAWAGAI,,9618217B6749340310851,PAK,ADM3,NAWAGAI,NAWAGAI,NAWAGAI,-0.7291736006736755,-0.7777059078216553,0.2594961822032928,-1.1541175842285156,0.4362052977085113,-0.962793469429016,-0.5500459671020508,12529,1.5903228521347046,0.9087262749671936,0.9409297704696656,0.0918652340769767,0.4450413584709167,1.0,0.8572439551353455,0.9784520268440248,12716,0.5549586415290833,127.09234227098358,-0.7291736006736755,0.9087262749671936,-1.5952157901330508,0.8628642688907018,-2.458080059023753,76,4,2.8102536309893,-1.761676162166692,0.001,3,LL,0.8217613329034759,0.9523645404391724,0.1,1,HH,1.940194733990974,-1.46363513796061,0.005,3,LL,-0.424797414894216,-0.3043761857794595,False,False,False,28.11787223815918,12716,0.031849637627601624,12716,0.0005504876025952399,12716,0.014326881617307663,12529,3.1849637627601624,0.05504876025952399,1.4326881617307663,-0.8171685476452789,-0.9826798449579629,-0.6965708178658024,-0.8801901823361992,-0.8438800712211927,-2.2059520517260665,False,-0.8441523482013109,-2.238477955863204,False,-0.8416343928445322,-2.0783254501874353,False,-0.8461257495978531,-2.3449592668773556,False,0,Low,High,Low SPI / High AI
SALARZAI,,9618217B53890861075426,PAK,ADM3,SALARZAI,SALARZAI,SALARZAI,-0.6742478609085083,-0.7873517274856567,0.3451605439186096,-1.1104544401168823,1.011655569076538,-0.9610782861709596,-0.4708275198936462,23575,2.122109889984131,0.940521240234375,0.969663143157959,0.0828254073858261,0.455930083990097,1.0,0.9258747100830078,0.9847147464752196,23799,0.5440698862075806,237.95614985386965,-0.6742478609085083,0.940521240234375,-1.4193445012507415,0.9918754145744334,-2.411219915825175,74,4,2.2029564506703774,-1.552094258109366,0.002,3,LL,0.958246718695762,0.9660958469334577,0.055,1,HH,1.7658681623997023,-1.3580163032435693,0.001,3,LL,-0.453776412705204,-0.22047144820330428,False,False,False,25.18169403076172,23799,0.08920542895793915,23799,0.00029413000447675586,23799,0.015034008771181107,23575,8.920542895793915,0.029413000447675586,1.5034008771181107,-1.0305499706026524,-0.5704019666159501,-0.6985169589251164,-0.8736590067040094,-0.8255727226856732,-2.305825910024183,False,-0.793281975711932,-2.2845917657675763,False,-0.8651817734688851,-2.241342961715352,False,-0.7859636719024612,-2.368589014508607,False,0,Low,High,Low SPI / High AI
UTMAN KHEL,,9618217B58376820156413,PAK,ADM3,UTMAN KHEL,UTMAN KHEL,UTMAN KHEL,-0.6078145503997803,-0.6930937767028809,0.3603676259517669,-1.1644655466079712,0.7324021458625793,-0.9119644165039062,-0.3874713480472564,17036,1.8968677520751955,0.918937921524048,0.9622238278388976,0.0971845984458923,0.5037785172462463,1.0,0.8795361518859863,0.9847147464752196,17036,0.4962214827537536,170.30611119254485,-0.6078145503997803,0.918937921524048,-1.2066261656608726,0.9042990121133008,-2.110925177774173,70,4,1.5864068680464005,-1.3147459529667347,0.01,3,LL,0.8335431881268585,0.9217561635712841,0.09,1,HH,1.373014408512262,-1.206106850477728,0.014,3,LL,-0.4341046520851029,-0.17370989831467737,False,False,False,30.4573917388916,17036,0.09720591455698013,17036,0.00011739844921976328,17036,0.025219472125172615,17036,9.720591455698013,0.011739844921976328,2.5219472125172615,-0.6471482134417589,-0.5128938553690604,-0.6998586181491318,-0.7795839175269689,-0.6439920604778404,-1.929252554882826,False,-0.65987115112173,-1.979611767039003,False,-0.6480692581461065,-1.8402196835655542,False,-0.6399148628095741,-2.0251898699534605,False,0,Low,High,Low SPI / High AI
AMBAR UTMAN KHEL,,9618217B21414584218612,PAK,ADM3,AMBAR UTMAN KHEL,AMBAR UTMAN KHEL,AMBAR UTMAN KHEL,-0.7738173604011536,-0.846668004989624,0.2609461545944214,-1.204358458518982,0.4702314734458923,-1.004192590713501,-0.5931722521781921,22047,1.6745898723602295,0.8960537910461426,0.9258747100830078,0.0991537123918533,0.4767706990242004,1.0,0.8408964276313782,0.9746546149253844,23312,0.5232293009757996,233.19628794933223,-0.7738173604011536,0.8960537910461426,-1.7381643529997997,0.8114444401355817,-2.5496087931353815,78,2,2.8652426202430967,-1.6484302047146098,0.003,3,LL,0.7832923501786158,0.9653062014298079,0.234,1,Not Significant,1.938064723918719,-1.409542768362603,0.013,3,LL,-0.4132472879882126,-0.360570072412941,False,False,False,26.878597259521484,23312,0.010209334082901478,23312,0.0011582018341869116,23312,0.011205250397324562,22047,1.0209334082901478,0.11582018341869116,1.1205250397324562,-0.9072306078127951,-1.1382320259173606,-0.6919573496982492,-0.9090222271034764,-0.9221950536096295,-2.2791754034961875,False,-0.9116105526329702,-2.296986660165543,False,-0.9214086456101284,-2.142113018287646,False,-0.9229814616091305,-2.4281618230251354,False,0,Low,High,Low SPI / High AI
SAFI,,9618217B32259055898287,PAK,ADM3,SAFI,SAFI,SAFI,-0.8258403539657593,-0.9918752908706664,0.2865519225597381,-1.2036261558532717,0.5494376420974731,-1.0274940729141235,-0.6690877676010132,30830,1.7530637979507446,0.9088016152381896,0.9573683738708496,0.1086846068501472,0.3674336373806,1.0,0.8572439551353455,0.9847147464752196,32296,0.6325663328170776,322.88028693270456,-0.8258403539657593,0.9088016152381896,-1.9047410976889192,0.8631699693245799,-2.767911067013499,80,3,2.8727245136282757,-1.5081968447648035,0.001,3,LL,0.7367548992949088,0.8535455651584015,0.172,1,Not Significant,1.9011553314859426,-1.2736467712722297,0.009,3,LL,-0.42486608254426456,-0.4009742714214947,False,False,False,21.383607864379883,32296,0.012261580675840378,32296,0.0025699776597321033,32296,0.0076926411129534245,30830,1.2261580675840378,0.25699776597321033,0.7692641112953424,-1.3065689903799371,-1.1234803181726547,-0.6812398405594304,-0.9414654277892672,-1.0809654579754147,-2.5835939368829623,False,-1.0131886442253224,-2.514241804226457,False,-1.1213863490768041,-2.4826398818269544,False,-1.0405445668740252,-2.685813823951569,False,0,Low,High,Low SPI / High AI
UPPER MOMAND,,9618217B63558675564153,PAK,ADM3,UPPER MOMAND,UPPER MOMAND,UPPER MOMAND,-0.7597742676734924,-0.8868647813796997,0.3322867751121521,-1.2143778800964355,1.0801503658294678,-1.0137441158294678,-0.5996056199073792,49075,2.2945282459259038,0.8985347151756287,0.9438742995262146,0.1167795732617378,0.3170140087604522,1.0,0.8554245233535767,0.9809300899505616,51366,0.6829860210418701,513.8074016796696,-0.7597742676734924,0.8985347151756287,-1.6931986078233672,0.8215110296603636,-2.5147096374837306,77,1,3.2251049748708294,-1.9047410976889192,0.004,3,LL,0.7091036502717402,0.8631699693245799,0.461,1,Not Significant,2.0242908855571304,-1.492686492336413,0.051,3,LL,-0.41550848545496416,-0.34426578221852827,False,False,False,23.797592163085938,51366,0.039929136633872986,51366,0.00048670326941646636,51366,0.012831729836761951,49075,3.9929136633872986,0.048670326941646636,1.2831729836761951,-1.1311370621145123,-0.9246037792092183,-0.6970550372166282,-0.8939997197327407,-0.9571167350513463,-2.344822027791271,False,-0.9116988995682749,-2.307197218079048,False,-0.9891475004415051,-2.2500058720585496,False,-0.9250859696611874,-2.4419147214214516,False,0,Low,High,Low SPI / High AI
ASTORE,,9618217B70325037560475,PAK,ADM3,ASTORE,ASTORE,ASTORE,-0.0458510220050811,-0.0679423883557319,0.3811781406402588,-1.2615958452224731,2.8418750762939453,-0.3028210997581482,0.1809975951910019,518641,4.103470802307129,0.4516309797763824,0.413083553314209,0.3001852929592132,0.0012390034971758,1.0,0.186026394367218,0.7037344574928284,520612,0.998760998249054,5206.053764504701,-0.0458510220050811,0.4516309797763824,0.5927715386974751,-0.9918440858335905,1.5846156245310656,22,6,0.33871911525705906,0.5714159556333333,0.282,1,Not Significant,0.8945728030417841,-0.9019288573868387,0.035,3,LL,0.6789867097844908,0.7945493361974418,0.09,1,HH,-0.00818543097045804,-0.03766559103462306,False,True,True,48.8453369140625,520612,0.027667436748743057,520612,0.1930112987756729,520612,0.2683244049549103,518641,2.7667436748743057,19.30112987756729,26.832440495491028,0.6891623336683701,-1.0127418293738923,0.764497196820856,1.4657845493257071,0.39524659788690225,1.62090370571647,True,0.47667556261026023,1.7686249945986723,True,0.476575062881391,1.6800983846492783,True,0.31391813289241344,1.5417109286265003,True,5,Medium,Low,Medium SPI / Low AI
CHILAS,,9618217B41750222117386,PAK,ADM3,CHILAS,CHILAS,CHILAS,-0.1933259814977646,-0.2112988531589508,0.4038881063461303,-1.6253383159637451,2.302682876586914,-0.4700861871242523,0.0522846244275569,421974,3.928021192550659,0.4487927854061126,0.4056455790996551,0.2997507750988006,0.001575120142661,1.0,0.1868126988410949,0.7030643224716187,421974,0.9984248876571656,4219.784738764564,-0.1933259814977646,0.4487927854061126,0.12055921502672409,-1.0033603339032044,1.1239195489299285,28,6,0.10201905060685441,0.8462152858596509,0.676,1,Not Significant,1.018184420931342,-1.0147744399765832,0.031,3,LL,0.608292052092129,1.003599522845162,0.126,1,Not Significant,-0.0055986054227005755,-0.187727376075064,False,True,False,50.24708557128906,421974,0.04952911660075188,421974,0.147582545876503,421974,0.1517372727394104,421974,4.952911660075188,14.758254587650299,15.17372727394104,0.7910318735873081,-0.8555983783408808,0.4196244021801268,0.38896119049732153,0.24478221386032664,1.3929464991688905,True,0.1860047719809689,1.3064699689405532,True,0.3456841000270951,1.5025861356843881,True,0.14388032769355807,1.255384709812641,True,5,Medium,Low,Medium SPI / Low AI
DAREL TANGIR,,9618217B87521623220935,PAK,ADM3,DAREL TANGIR,DAREL TANGIR,DAREL TANGIR,-0.130639761686325,-0.1382114142179489,0.3893600702285766,-1.2456556558609009,1.881823301315308,-0.3853628635406494,0.1153475195169448,268204,3.127479076385498,0.3562758862972259,0.2854365706443786,0.2981287539005279,0.0003065845521632,1.0,0.090811476111412,0.5785073637962341,268204,0.9996933937072754,2682.0354177087866,-0.130639761686325,0.3562758862972259,0.3212794296389134,-1.3787565970802447,1.700036026719158,20,6,0.21133836520705074,0.6578023543075086,0.442,1,Not Significant,2.069896804106431,-1.5012778966858944,0.001,3,LL,1.067480256330502,1.1643545795008186,0.025,1,HH,0.07872439962625244,-0.20936416131257743,False,True,True,50.63145446777344,268204,0.08993899822235107,268204,0.09797020256519318,268204,0.1814362108707428,268204,8.993899822235107,9.797020256519318,18.14362108707428,0.8189651856273457,-0.5651290138254149,0.042991842522973216,0.6632668510320102,0.2943922169539807,1.8473001774263569,True,0.24002371633922853,1.769894417282704,True,0.40239559408183734,1.9598833051729088,True,0.18638883982612403,1.7052399446419142,True,5,Medium,Low,Medium SPI / Low AI
KHAPLU,,9618217B25754962135590,PAK,ADM3,KHAPLU,KHAPLU,KHAPLU,-0.0312645733356475,-0.0743952691555023,0.4328544437885284,-1.3395992517471311,2.7834064960479736,-0.335906982421875,0.2226689457893371,262577,4.1230058670043945,0.4736126959323883,0.4297506213188171,0.3019302785396576,0.0076416810043156,1.0,0.208240732550621,0.7331075668334961,263738,0.9923583269119264,2637.432394734466,-0.0312645733356475,0.4736126959323883,0.639477100400912,-0.9026511472173593,1.5421282476182712,23,4,0.3591170396849626,0.5615792019132801,0.336,1,Not Significant,1.2032069871999795,-1.3329700969296456,0.023,3,LL,0.8496877252688535,1.0216976192445224,0.083,1,HH,-0.028220304385594974,-0.0030442689500525255,False,True,True,52.01200866699219,263738,0.00581637816503644,263738,0.3730444610118866,263738,0.1775052845478058,262577,0.581637816503644,37.30444610118866,17.75052845478058,0.9192944567720236,-1.1698089339062392,2.1312206005255017,0.6269599858923152,0.5955536672211973,1.8505119650585344,True,0.6269165273209003,1.924261710061212,True,0.6394125295674365,1.826070051116087,True,0.551694804874958,1.86901354797046,True,5,High,Low,High SPI / Low AI
MASHABRUM,,9618217B85218379767883,PAK,ADM3,MASHABRUM,MASHABRUM,MASHABRUM,0.0488591231405735,-0.030583094805479,0.4626202285289764,-1.8036062717437744,3.748003244400024,-0.2973533272743225,0.345209538936615,586013,5.551609516143799,0.2620514631271362,0.1581874191761016,0.2783992290496826,2.586486802513832e-09,1.0,0.0308584813028574,0.4136633276939392,590792,1.0,5908.064033408854,0.0488591231405735,0.2620514631271362,0.8960318200921783,-1.7610813042284352,2.6571131243206136,9,2,0.6180476119525661,0.6897607853803509,0.308,1,Not Significant,2.2205052686756486,-1.260876067075447,0.008,3,LL,1.5073684143572321,1.0519446653522795,0.047,1,HH,0.16460369937834476,-0.11574457623777126,False,True,True,50.29164505004883,590792,0.00045532098738476634,590792,0.33772122859954834,590792,0.2749693691730499,586013,0.045532098738476634,33.772122859954834,27.496936917304993,0.7942701528443514,-1.2083446288658408,1.863063957422722,1.5271588412625348,0.617308521595205,2.743566330086289,True,0.7440370806659418,2.9735491649883867,True,0.663999570451796,2.7200080177081043,True,0.5706174727386139,2.760589122672247,True,5,High,Low,High SPI / Low AI
GUPIS,,9618217B90015961408219,PAK,ADM3,GUPIS,GUPIS,GUPIS,0.1165447384119033,0.0846885815262794,0.4646669626235962,-1.4545458555221558,2.632221937179565,-0.1904441714286804,0.3986612558364868,529770,4.086767673492432,0.2441778630018234,0.1457599848508834,0.2571898400783539,0.0001642556744627,1.0,0.0439847260713577,0.3655087947845459,529770,0.999835729598999,5298.000053249942,0.1165447384119033,0.2441778630018234,1.1127600143314507,-1.8336051648548728,2.9463651791863237,4,7,1.0231136796615217,0.9194378540607531,0.011,1,HH,3.0082186147349246,-1.6406032620294346,0.001,3,LL,2.1936455481548656,1.3805858285529307,0.001,1,HH,0.18089429804871185,-0.06434955963680855,True,True,True,49.854896545410156,529770,0.004460426047444344,529770,0.3963267207145691,529770,0.2901114821434021,529770,0.44604260474443436,39.63267207145691,29.01114821434021,0.7625302478346656,-1.1795556229363762,2.3079680887745586,1.6670145923959838,0.7217690000140815,2.982345559381998,True,0.8894893265172079,3.283099079762784,True,0.7416014015056389,2.9046019339850795,True,0.7019365985225241,3.063134844182621,True,5,High,Low,High SPI / Low AI
ISHKOMEN,,9618217B15965056410830,PAK,ADM3,ISHKOMEN,ISHKOMEN,ISHKOMEN,0.1031198352575302,0.0640891045331955,0.4616274535655975,-1.2326328754425049,3.229928731918335,-0.2065388113260269,0.3982383012771606,274286,4.46256160736084,0.2574337124824524,0.1608868092298507,0.2609871923923492,0.0004397047450765,1.0,0.0560112558305263,0.3774986267089844,275483,0.999560296535492,2754.8893163101693,0.1031198352575302,0.2574337124824524,1.0697737017032662,-1.7798182739387738,2.8495919756420403,6,7,1.001502905443736,0.9361820204115777,0.027,1,HH,2.7525103783992457,-1.5465120336740246,0.001,3,LL,2.057495171288365,1.3388738978294032,0.001,1,HH,0.16881247220446594,-0.06569263694693574,True,True,True,56.275203704833984,275483,0.003916757181286812,275483,0.3391352593898773,275483,0.2677873969078064,274286,0.3916757181286812,33.91352593898773,26.77873969078064,1.2291144197523414,-1.1834635569298084,1.873798585147396,1.4608246296672374,0.7896632901480493,3.0366166671235186,True,0.8450685194092915,3.1569249350835253,True,0.878057980712404,3.0478812233112174,True,0.7012685995836945,3.008177869639626,True,5,High,Low,High SPI / Low AI
PUNIAL,,9618217B13486207754369,PAK,ADM3,PUNIAL,PUNIAL,PUNIAL,-0.161054253578186,-0.1700726598501205,0.3882786333560943,-1.2539145946502686,1.993519306182861,-0.4216242730617523,0.067972794175148,154058,3.24743390083313,0.2606081068515777,0.136774256825447,0.2890029549598694,0.0005724855000153,1.0,0.0436523295938968,0.3783625364303589,154058,0.9994274973869324,1540.4236789470845,-0.161054253578186,0.2606081068515777,0.22389274149248653,-1.7669378618681382,1.9908306033606247,16,4,0.16441132898799712,0.7343307687958902,0.625,1,Not Significant,2.595049157619317,-1.468670298838714,0.002,3,LL,1.2755043883918216,1.188040315113503,0.029,1,HH,0.16591922270093376,-0.32697347627911977,False,True,True,49.03447723388672,154058,0.01166443806141615,154058,0.2354048490524292,154058,0.17290890216827393,154058,1.166443806141615,23.54048490524292,17.290890216827393,0.7029077631797748,-1.127772625617678,1.0863282228923277,0.5845068281695704,0.3041616176713915,2.2510300529667115,True,0.3114925471559987,2.274539851213708,True,0.3765246141256365,2.3107025370802416,True,0.2317986212171465,2.172962116784641,True,5,Medium,Low,Medium SPI / Low AI
YASIN,,9618217B38991384841424,PAK,ADM3,YASIN,YASIN,YASIN,0.066499076783657,0.0323848575353622,0.4653016328811645,-1.2173774242401123,2.510183572769165,-0.2566051483154297,0.3622554242610931,250094,3.727560997009277,0.3395663201808929,0.2529376149177551,0.2847531139850616,0.0065195737406611,1.0,0.1037572920322418,0.5196295976638794,250094,0.9934804439544678,2500.832620437283,0.066499076783657,0.3395663201808929,0.9525146530280169,-1.4465572771700357,2.3990719301980525,13,3,1.1154144469642782,1.1710207747654147,0.073,1,HH,2.4342326573207225,-1.682776545207335,0.004,3,LL,1.991128719395799,1.5390034608248504,0.005,1,HH,0.09395405865681566,-0.02745498187315866,True,True,True,54.263282775878906,250094,0.0029588874895125628,250094,0.31122297048568726,250094,0.27021878957748413,250094,0.2958887489512563,31.122297048568726,27.021878957748413,1.082901717261548,-1.1903487985957868,1.6619021877144093,1.4832814855092156,0.6904461476249367,2.5454453978941585,True,0.7594341479723465,2.684115889109034,True,0.7751586498951605,2.566016339566019,True,0.6057336453547131,2.507575460719144,True,5,High,Low,High SPI / Low AI
GILGIT,,9618217B24239170098361,PAK,ADM3,GILGIT,GILGIT,GILGIT,-0.0955894514918327,-0.1178681850433349,0.4108387529850006,-1.3821271657943726,2.4369266033172607,-0.3743506968021393,0.1566701382398605,400265,3.819053649902344,0.4785786867141723,0.4627393782138824,0.3053159415721893,0.0044376831501722,1.0,0.2027763128280639,0.7402565479278564,400265,0.9955623149871826,4002.692458970027,-0.0955894514918327,0.4785786867141723,0.43350992950993017,-0.8825011594809645,1.3160110889908947,25,9,0.26490199494745403,0.6110632696393316,0.298,1,Not Significant,1.240352887049008,-1.4054971755261043,0.004,3,LL,0.7717981520005577,1.087496116963815,0.034,1,HH,-0.03274647495333727,-0.06284297653849544,False,True,True,55.21427536010742,400265,0.028990793973207474,400265,0.23045732080936432,400265,0.16254451870918274,400265,2.8990793973207474,23.045732080936432,16.254451870918274,1.1520133775597343,-1.0032294349646083,1.0487690168199792,0.4887791951407844,0.4930686749178552,1.6672507180558735,True,0.4215830386389724,1.5695043993380033,True,0.60599303358106,1.757656707681197,True,0.3801443162546503,1.5483714392849435,True,5,Medium,Low,Medium SPI / Low AI
ALIABAD,,9618217B18607943062555,PAK,ADM3,ALIABAD,ALIABAD,ALIABAD,0.0807505175471305,0.0311025530099868,0.4737537503242492,-1.2973380088806152,2.9657304286956787,-0.2408312410116195,0.3668247163295746,80554,4.263068199157715,0.2649149894714355,0.148549735546112,0.2870459854602813,0.0002089951158268,1.0,0.0255896858870983,0.438624769449234,80554,0.9997910261154176,805.707053881232,0.0807505175471305,0.2649149894714355,0.9981475250879666,-1.7494622692249617,2.747609794312928,8,3,1.173881476987425,1.1760600988155245,0.066,1,HH,2.771358193701,-1.5841200135906635,0.001,3,LL,2.205593227531529,1.4885173224332593,0.003,1,HH,0.16199378541977189,-0.08124326787264138,True,True,True,68.4262466430664,80554,0.0011669191299006343,80554,0.28538620471954346,80554,0.19801248610019684,80554,0.11669191299006343,28.538620471954346,19.801248610019684,2.112169414862589,-1.203229606204243,1.4657621432358663,0.8163688274701218,0.9596681171616666,3.2768339511645967,True,0.7977676948410836,3.049488458083217,True,1.157758431796344,3.4214595677329136,True,0.7615778025269887,3.0834609712374945,True,5,High,Low,High SPI / Low AI
GOJAL,,9618217B58972864826743,PAK,ADM3,GOJAL,GOJAL,GOJAL,0.2905263304710388,0.275033950805664,0.4344175159931183,-1.462783932685852,3.32912278175354,-0.0309566408395767,0.593865692615509,1069181,4.791906833648682,0.2496947944164276,0.1330063790082931,0.2784322202205658,1.1022413673345e-05,1.0,0.0252236165106296,0.4003849029541015,1080231,0.9999889731407166,10801.975096734663,0.2905263304710388,0.2496947944164276,1.6698461267453821,-1.811219682232839,3.4810658089782214,1,5,1.558400551779132,0.9332599733704429,0.008,1,HH,2.9303802529103318,-1.6179043777272846,0.001,3,LL,2.5827573885405815,1.3757987429569376,0.001,1,HH,0.17586598170857076,0.11466034876246806,True,True,True,53.69586944580078,1080231,0.0013062021462246776,1080231,0.545546293258667,1080231,0.30940869450569153,1069182,0.13062021462246776,54.5546293258667,30.940869450569153,1.0416659831797364,-1.202228429075879,3.4407698434826077,1.8452477184460863,1.0810504124663594,3.5317788601638513,True,1.2813637790081378,3.8993043225826742,True,1.0732899400639964,3.3612303157277825,True,1.0888108848687221,3.7184080250817892,True,5,High,Low,High SPI / Low AI
NAGAR-I,,9618217B7415913583848,PAK,ADM3,NAGAR I,NAGAR-I,NAGAR-I,0.090108647942543,0.0380415469408035,0.456426590681076,-1.1823434829711914,3.123436450958252,-0.2360627204179763,0.3768661022186279,141391,4.305779933929443,0.377833753824234,0.288504421710968,0.3341753482818603,0.0001554582267999,1.0,0.0566533543169498,0.6803950071334839,141391,0.9998445510864258,1414.0358344825297,0.090108647942543,0.377833753824234,1.0281121001889406,-1.291283465256189,2.31939556544513,15,5,0.9606206781845245,0.9343540242430638,0.042,1,HH,1.9917120287206542,-1.5424281982310526,0.002,3,LL,1.6706888940265385,1.3356857494468204,0.002,1,HH,0.05907583606831157,0.03103281187423143,True,True,True,57.47572326660156,141391,0.006711883936077356,141391,0.35623201727867126,141391,0.23993636667728424,141391,0.6711883936077356,35.62320172786713,23.993636667728424,1.3163600003280478,-1.1633719689413342,2.0035887795973966,1.2035866365049472,0.816956759291107,2.5915211174154793,True,0.8400408618722643,2.6601971568071447,True,0.9065819187911087,2.60053976386333,True,0.7273315997911053,2.5652956631361943,True,5,High,Low,High SPI / Low AI
NAGAR-II,,9618217B11035459557122,PAK,ADM3,NAGAR II,NAGAR-II,NAGAR-II,0.0283063128590583,0.0017112269997596,0.4253852963447571,-1.2250113487243652,2.184542179107666,-0.2521851360797882,0.2901908755302429,145097,3.4095535278320312,0.2894628643989563,0.170884758234024,0.3020277917385101,0.0001178349120891,1.0,0.0386747978627681,0.4656292796134949,145097,0.999882161617279,1450.7271779732664,0.0283063128590583,0.2894628643989563,0.830222069512251,-1.6498568932829627,2.4800789627952136,10,5,0.8633295627899581,1.0398778766470973,0.055,1,HH,2.4794989316169738,-1.5028569700267458,0.001,3,LL,1.8340008164042334,1.3712528572380736,0.001,1,HH,0.13962002882619862,-0.11131371596714032,False,True,True,58.81352615356445,145097,0.015231190249323845,145097,0.21773020923137665,145097,0.25472283363342285,145097,1.5231190249323845,21.773020923137665,25.472283363342285,1.4135823974350847,-1.1021345341452218,0.9521510324490019,1.3401575659921148,0.6813531668263461,2.7342729677571125,True,0.6509391154327449,2.710614182512839,True,0.8302105816546655,2.8488201757749465,True,0.5324957519980266,2.5825897534524027,True,5,High,Low,High SPI / Low AI
GULTARI,,9618217B83227364220136,PAK,ADM3,GULTARI,GULTARI,GULTARI,-0.1284079402685165,-0.1869021207094192,0.4062109291553497,-1.1763476133346558,2.029534816741944,-0.4538195729255676,0.117604836821556,349998,3.2058825492858887,0.5977091193199158,0.6151118278503418,0.2614103257656097,0.0312968455255031,1.0,0.3900402188301086,0.8248605728149414,352753,0.9687031507492064,3527.741004090233,-0.1284079402685165,0.5977091193199158,0.3284256840359101,-0.3991179109976111,0.7275435950335212,33,3,0.1317000191206511,0.401004018632876,0.681,1,Not Significant,0.39160680225630906,-0.9811807274634008,0.398,3,Not Significant,0.2924543320517398,0.7453882911915409,0.506,1,Not Significant,-0.14132594710226004,0.012918006833743528,False,True,False,35.52387237548828,352753,0.00418706564232707,352753,0.23185060918331146,352753,0.30223700404167175,349998,0.418706564232707,23.185060918331146,30.223700404167175,-0.2789509272895579,-1.1815205587385058,1.0593461783002884,1.7790084717368635,0.07175999582013756,0.513328421435274,True,0.34447079100227207,0.9604605831759814,True,0.04997362211309267,0.47128820047682973,True,0.09354636952718248,0.562976068513729,True,5,Medium,Medium,Medium SPI / Medium AI
KHARMANG,,9618217B70387484269248,PAK,ADM3,KHARMANG,KHARMANG,KHARMANG,-0.1333918869495391,-0.1808740198612213,0.425592839717865,-1.2416372299194336,2.1963906288146973,-0.4234491288661957,0.0994228646159172,277462,3.438027858734131,0.5054733753204346,0.4952422082424164,0.2887216508388519,0.0099833151325583,1.0,0.2589438855648041,0.7555239796638489,278952,0.9900166988372804,2789.4386265053045,-0.1333918869495391,0.5054733753204346,0.31246717113722666,-0.7733733601346159,1.0858405312718427,29,3,0.13182741335782666,0.4218920435002494,0.72,1,Not Significant,0.6393461571358003,-0.8266979315456555,0.213,3,Not Significant,0.3942927880948574,0.6733429453095184,0.41,1,Not Significant,-0.05725919625052173,-0.07613269069901737,False,True,False,48.477699279785156,278952,0.0051227449439466,278952,0.276753693819046,278952,0.18057046830654144,277462,0.51227449439466,27.675369381904602,18.057046830654144,0.662444935747106,-1.174794823318721,1.400228357493852,0.6552706699942878,0.3496155404670757,1.3298083052224865,True,0.3857872849791312,1.4020445598393116,True,0.4045883573330298,1.357666786025718,True,0.29464272360112165,1.2894769145411993,True,5,Medium,Low,Medium SPI / Low AI
RONDU,,9618217B20972596228202,PAK,ADM3,RONDU,RONDU,RONDU,-0.0520526096224784,-0.0835476815700531,0.4397838413715362,-1.2755770683288574,2.287968397140503,-0.3556425273418426,0.2072515189647674,165172,3.5635454654693604,0.4080899357795715,0.3422892689704895,0.2960822284221649,0.0051704919897019,1.0,0.1473300158977508,0.644641637802124,165172,0.994829535484314,1651.870393427601,-0.0520526096224784,0.4080899357795715,0.5729141601341385,-1.1685160816382996,1.741430241772438,18,4,0.29563792702197866,0.5160248211577803,0.408,1,Not Significant,1.3647598766554834,-1.1679427421675217,0.015,3,LL,0.8528501798316415,0.9081345370032013,0.081,1,HH,0.03149933698159607,-0.08355194660407447,False,True,True,58.37408447265625,165172,0.00615116348490119,165172,0.2631741464138031,165172,0.17999954521656036,165172,0.615116348490119,26.31741464138031,17.999954521656036,1.381646770727302,-1.16740247105092,1.297139098715455,0.6499975038420427,0.6177355358475881,2.151680727320144,True,0.5403452255584699,2.049051792463822,True,0.7494133815370916,2.250794659779667,True,0.48605769015808464,2.0199068727336282,True,5,Medium,Low,Medium SPI / Low AI
SHIGAR,,9618217B26900800837648,PAK,ADM3,SHIGAR,SHIGAR,SHIGAR,0.0001432660355931,-0.0594003051519393,0.4489309191703796,-2.096599578857422,3.3712730407714844,-0.3258482813835144,0.2789182364940643,886853,5.467872619628906,0.2970426976680755,0.188559427857399,0.2965144217014313,2.4240407583420165e-05,1.0,0.0509264580905437,0.4734572768211365,891744,0.9999757409095764,8917.203853891413,0.0001432660355931,0.2970426976680755,0.7400444703597897,-1.619100986933535,2.359145457293325,14,7,0.5854454362080869,0.7910949404479155,0.106,1,Not Significant,2.080678361729944,-1.285082510925155,0.001,3,LL,1.4244661396507228,1.1196465357183052,0.003,1,HH,0.13271151454201457,-0.1325682485064215,False,True,True,51.51642608642578,891744,0.0027317258063703775,891744,0.29902079701423645,891744,0.24955210089683533,886853,0.27317258063703775,29.902079701423645,24.955210089683533,0.8832788920601395,-1.1919816543997817,1.5692692757978004,1.2923995871551002,0.5630299364569356,2.515198258115179,True,0.6382415251533147,2.659166538449039,True,0.6324934445930486,2.5325275719964813,True,0.4935664283208225,2.4836442713520777,True,5,High,Low,High SPI / Low AI
SKARDU,,9618217B88498185372954,PAK,ADM3,SKARDU,SKARDU,SKARDU,-0.1379808634519577,-0.1706777811050415,0.4127422869205475,-1.1817201375961304,2.3729822635650635,-0.4339955449104309,0.111617237329483,193207,3.5547022819519043,0.4056725800037384,0.3342179656028747,0.3201175034046173,0.0011861287057399,1.0,0.1147457510232925,0.6640834212303162,193207,0.9988138675689696,1932.184777118149,-0.1379808634519577,0.4056725800037384,0.2977733460639262,-1.1783247364219962,1.4760980824859224,24,6,0.15812261584101686,0.5310166874609087,0.548,1,Not Significant,1.1497707019536378,-0.9757672621258352,0.015,3,LL,0.6468433874967013,0.8125824833108607,0.121,1,Not Significant,0.03370259611861903,-0.17168345957057674,False,True,False,41.87468338012695,193207,0.008441722951829433,193207,0.26592203974723816,193207,0.22632303833961487,193207,0.8441722951829433,26.592203974723816,22.632303833961487,0.18258273769336789,-1.1509377518771844,1.3179997561801176,1.0778510628885831,0.21057626777736208,1.5134700043954021,True,0.356873951221221,1.759879349010476,True,0.22048144133155215,1.49673690613992,True,0.2006710942231719,1.5298252375354848,True,5,Medium,Low,Medium SPI / Low AI
ALAI,,9618217B82118214800407,PAK,ADM3,ALAI,ALAI,ALAI,0.0716026946902275,0.0496903806924819,0.3820469975471496,-1.054577350616455,1.59560227394104,-0.1893086731433868,0.3136941194534302,81851,2.650179624557495,0.7533819675445557,0.7937005162239075,0.2010114043951034,0.1004330366849899,1.0,0.6215487718582153,0.9258747100830078,81851,0.8995669484138489,818.5817149927121,0.0716026946902275,0.7533819675445557,0.9688563511649733,0.23253972198117281,0.7363166291838005,32,5,0.7334687399143642,0.7570459119480676,0.093,1,HH,0.056241597340705274,0.2418580226274579,0.832,1,Not Significant,0.11032227157862236,0.2778319045611267,0.707,1,Not Significant,-0.28321140255166694,0.35481409724189444,False,False,False,50.09878158569336,81851,0.24444417655467987,81851,0.07363379746675491,81851,0.18897520005702972,81851,24.444417655467987,7.363379746675491,18.897520005702972,0.7802541505605064,0.5454661961479872,-0.1417582001743391,0.7328985462583988,0.5300513511650914,0.6110700731820216,False,0.4792151731981383,0.5483796851150564,False,0.5878913664224596,0.6164739837099017,False,0.47221133590772313,0.5945974491474244,False,0,High,Medium,High SPI / Medium AI
BATAGRAM,,9618217B42013741972359,PAK,ADM3,BATAGRAM,BATAGRAM,BATAGRAM,-0.0126678589731454,-0.0437996424734592,0.4019011259078979,-0.918981432914734,1.4699888229370115,-0.3177415728569031,0.254706859588623,53198,2.388970375061035,0.8278795480728149,0.917496144771576,0.2038374990224838,0.0947155877947807,1.0,0.7491535544395447,0.9746546149253844,53698,0.9052844047546388,537.0035719552862,-0.0126678589731454,0.8278795480728149,0.6990234649631888,0.5348208578104743,0.1642026071527145,37,5,0.3146037770959635,0.4500618260540522,0.362,1,Not Significant,0.2786723253052689,0.5210573245892789,0.417,1,Not Significant,-0.003390344288733908,-0.03828664256708415,0.989,4,Not Significant,-0.3511109962423918,0.3384431372692464,False,False,False,39.097286224365234,53698,0.3731982707977295,53698,0.11095385253429413,53698,0.05384034290909767,53198,37.31982707977295,11.095385253429413,5.384034290909767,-0.019259560475413984,1.4709606156503967,0.1415573404449441,-0.5152355145387871,0.3110624706306043,-0.039745528684657916,False,0.26950572027028497,-0.09563975701612487,False,0.2285106167782959,-0.20481321248424722,False,0.3936143244829128,0.15464382486735084,False,0,High,Medium,High SPI / Medium AI
DAGGAR,,9618217B69506225279330,PAK,ADM3,DAGGAR,DAGGAR,DAGGAR,-0.4548050165176391,-0.4937454760074615,0.4305022358894348,-1.23467755317688,1.2009344100952148,-0.8672871589660645,-0.1296309977769851,64778,2.4356119632720947,0.8134799599647522,0.869208812713623,0.1738291829824447,0.158378392457962,1.0,0.7011538743972778,0.9622238278388976,65664,0.8416216373443604,656.5941548691906,-0.4548050165176391,0.8134799599647522,-0.7166922284906846,0.4763931368306206,-1.1930853653213052,52,5,0.4934127162588259,-0.6884583041983401,0.2,3,Not Significant,0.2562701260927082,0.5379383250515295,0.43,1,Not Significant,0.4255351193143183,-0.6613744583576463,0.249,3,Not Significant,-0.33798672864983054,-0.11681828786780857,False,False,False,34.26316452026367,65664,0.16547879576683044,65664,0.0028782894369214773,65664,0.02766420505940914,64778,16.547879576683044,0.28782894369214773,2.766420505940914,-0.37057058286891364,-0.0221430879115954,-0.6788992888727938,-0.7570038481860664,-0.40309444012793305,-1.1179430872652032,False,-0.4571542019598423,-1.221362428941125,False,-0.40509937957560493,-1.0614245645238234,False,-0.4010895006802611,-1.1789515248547544,False,0,Low,Medium,Low SPI / Medium AI
GAGRA,,9618217B56430132914599,PAK,ADM3,GAGRA,GAGRA,GAGRA,-0.3980910181999206,-0.3960760831832886,0.4449165165424347,-1.316110372543335,1.473414659500122,-0.8198720216751099,-0.0843143910169601,46037,2.789525032043457,0.783274233341217,0.8355168104171753,0.1936235278844833,0.0716032236814498,1.0,0.6584202647209167,0.9469975233078004,47209,0.9283967614173888,472.097585627056,-0.3980910181999206,0.783274233341217,-0.5350949659967927,0.35383048059981803,-0.8889254465966108,48,4,0.027877845564836374,-0.0520988746603224,0.883,3,Not Significant,0.2530540456708673,0.7151844161132945,0.507,1,Not Significant,0.19835996389577987,-0.4137825877364522,0.58,3,Not Significant,-0.310456216244892,-0.0876348019550286,False,False,False,35.0318603515625,47209,0.20631659030914307,47209,4.236480162944645e-05,47209,0.025074973702430725,46037,20.631659030914307,0.004236480162944645,2.5074973702430725,-0.31470700827705256,0.27140214787989897,-0.7004282367735741,-0.7809185354557701,-0.3152556940139266,-0.8555795863544503,False,-0.38116290815662446,-0.974965888851332,False,-0.32527509039694813,-0.8235822504675538,False,-0.3052362976309051,-0.8884900038890472,False,0,Medium,Medium,Medium SPI / Medium AI
CHITRAL,,9618217B14913426707390,PAK,ADM3,CHITRAL,CHITRAL,CHITRAL,0.0723377615213394,0.0430411472916603,0.4813307821750641,-1.3130652904510498,2.8150930404663086,-0.2594608962535858,0.3729926943778991,584979,4.1281585693359375,0.5130157470703125,0.4931626915931701,0.2847935259342193,0.0003285261627752,1.0,0.2741999626159668,0.7575343251228333,591765,0.999671459197998,5917.922388566621,0.0723377615213394,0.5130157470703125,0.9712100227141414,-0.7427694575214955,1.7139794802356367,19,3,1.1021387574109904,1.1348099089123445,0.078,1,HH,0.7134585341919687,-0.9605383298509166,0.179,3,Not Significant,1.0444671154178389,1.1299850092790422,0.085,1,HH,-0.0641335668495353,0.13647132837087472,False,True,True,54.16570281982422,591765,0.04903804883360863,591765,0.27869677543640137,591765,0.2500320076942444,584980,4.903804883360863,27.869677543640137,25.00320076942444,1.075810271033043,-0.8591282115532575,1.4149792794282425,1.2968321076201836,0.6930627275535789,1.8458220284498825,True,0.7321233616320529,1.9358229613816733,True,0.7728512012631339,1.8588961771996564,True,0.6132742538440239,1.8169959592539175,True,5,High,Low,High SPI / Low AI
MASTUJ,,9618217B15142704211186,PAK,ADM3,MASTUJ,MASTUJ,MASTUJ,0.1845552772283554,0.1572256386280059,0.4966513812541961,-1.2155123949050903,2.710132598876953,-0.1673264652490615,0.5197193622589111,879318,3.925644874572754,0.342437744140625,0.2392786592245102,0.3157033920288086,9.163954018731602e-06,1.0,0.0635651499032974,0.5800808072090149,884910,0.9999908208847046,8849.246038145184,0.1845552772283554,0.342437744140625,1.3305286082615269,-1.4349061968283587,2.7654348050898854,7,6,1.5768520530338106,1.1851320168862294,0.006,1,HH,2.102985707419111,-1.4655910693447696,0.001,3,LL,2.131870040240264,1.429489044245367,0.001,1,HH,0.0913369465466356,0.09321833068171981,True,True,True,52.15654373168945,884910,0.004381236620247364,884910,0.4000644087791443,884910,0.3215022683143616,879318,0.4381236620247364,40.00644087791443,32.15022683143616,0.9297982803119699,-1.1801248426834083,2.336342782026349,1.9569465184887873,0.8376986356325238,2.7681558392659884,True,1.0107406845359246,3.0819888858597446,True,0.8728675666965737,2.695473318077883,True,0.8025297045684738,2.8406372733757306,True,5,High,Low,High SPI / Low AI
DASSU,,9618217B96945867102806,PAK,ADM3,DASSU,DASSU,DASSU,0.0830963850021362,0.0643631070852279,0.4212073087692261,-1.8429749011993408,2.12561559677124,-0.2021145522594452,0.3514280915260315,351396,3.968590497970581,0.3454453945159912,0.2675877809524536,0.289150595664978,0.0011672447435557,1.0,0.0925723165273666,0.5562490820884705,351396,0.9988327622413636,3513.9999394583187,0.0830963850021362,0.3454453945159912,1.0056589529653668,-1.4227023646341272,2.428361317599494,12,6,0.9292149819646237,0.9239861875884126,0.045,1,HH,1.222166972578776,-0.8590461385035213,0.012,3,LL,1.2592311675702064,0.9615584475509538,0.009,1,HH,0.08859567311194122,-0.005499288109805017,True,True,True,56.94376754760742,351396,0.13168050348758698,351396,0.11360971629619598,351396,0.24623361229896545,351396,13.168050348758698,11.360971629619598,24.623361229896545,1.2777010837870473,-0.26508783523825963,0.16171935457254014,1.261749326098959,0.6664147445346058,2.4833430080261834,True,0.6090204823050718,2.415149892489207,True,0.7993532769465966,2.577102525239728,True,0.5334762121226152,2.357152623248265,True,5,High,Low,High SPI / Low AI
KANDIA,,9618217B42691934354201,PAK,ADM3,KANDIA,KANDIA,KANDIA,0.0970796942710876,0.0792872607707977,0.4148466289043426,-1.3308744430541992,2.6645257472991943,-0.1678214073181152,0.3455766141414642,208773,3.9954001903533936,0.1788792759180069,0.0834337249398231,0.2222733348608017,0.0001151648830273,1.0,0.0179698467254638,0.2564235031604767,208773,0.999884843826294,2087.676811297323,0.0970796942710876,0.1788792759180069,1.0504332725190935,-2.0985604953740586,3.148993767893152,2,5,1.1116384055810644,1.0582665597741323,0.032,1,HH,2.810658701289155,-1.3393269850856349,0.001,3,LL,2.19573691403857,1.292980667325645,0.001,1,HH,0.24040962056160467,-0.14332992629051705,True,True,True,60.750709533691406,208773,0.044929180294275284,208773,0.1764117032289505,208773,0.2828250229358673,208773,4.492918029427528,17.64117032289505,28.28250229358673,1.5543636841905821,-0.8886630774227932,0.6384812148543212,1.599715317349741,0.7672332448938599,3.3196600721313096,True,0.7259742847429628,3.281593587221047,True,0.9351787064413417,3.4491153502119745,True,0.5992877833463781,3.148287946021106,True,5,High,Low,High SPI / Low AI
PALAS,,9618217B98955281089867,PAK,ADM3,PALAS,PALAS,PALAS,0.2808600664138794,0.2646803855895996,0.4404022097587585,-1.1700788736343384,2.0791494846343994,-0.0301952809095382,0.5923250317573547,141020,3.249228477478028,0.8050960898399353,0.8853488564491272,0.2035738229751587,0.0904755443334579,1.0,0.6939740777015686,0.9622238278388976,141020,0.9095244407653807,1410.343723108871,0.2808600664138794,0.8050960898399353,1.6388949128759334,0.44237477320049357,1.1965201396754397,26,6,1.6778905795601728,1.0237938786543734,0.001,1,HH,-0.13464978392800306,-0.30437943591095534,0.644,4,Not Significant,0.46217633523241786,0.7162608617597175,0.218,1,Not Significant,-0.33034538820636555,0.611205454620245,False,False,False,57.394676208496094,141020,0.3534746766090393,141020,0.059608567506074905,141020,0.19333219528198242,141020,35.34746766090393,5.9608567506074905,19.333219528198242,1.3104700524558501,1.3291858902602696,-0.2482308621634156,0.7731406736988494,0.9228094221695518,1.0263339960535443,False,0.7911414385628883,0.8468534017102852,False,0.9998086760102941,1.0015165942934132,False,0.8458101683288094,1.0391674447525419,False,0,High,Medium,High SPI / Medium AI
PATTAN,,9618217B74983796043949,PAK,ADM3,PATTAN,PATTAN,PATTAN,0.1950060576200485,0.1491418480873108,0.4091320037841797,-0.9355759024620056,1.9015398025512693,-0.1029842793941497,0.4671404659748077,64217,2.83711576461792,0.5770646929740906,0.5946270823478699,0.2689363360404968,0.0072236103005707,1.0,0.3650009334087372,0.8042579889297485,64217,0.9927763938903807,642.2212291880539,0.1950060576200485,0.5770646929740906,1.3639918301529625,-0.4828846669124989,1.8468764970654614,17,5,1.715337913150993,1.2575866476844144,0.004,1,HH,0.4446274337724297,-0.9207735598964426,0.232,3,Not Significant,1.1700394123384652,1.1747519261185972,0.02,1,HH,-0.12250992447548631,0.3175159820955348,False,True,True,56.366756439208984,64217,0.1473597288131714,64217,0.09070806950330734,64217,0.3341313600540161,64217,14.735972881317139,9.070806950330734,33.41313600540161,1.2357678485828385,-0.15238434704038778,-0.012138707278035428,2.073591475162991,0.76482203249188,1.700146648697002,True,0.7862090673568516,1.7640751489178317,True,0.896624970066085,1.7777614620650275,True,0.633019094917675,1.5916967254669516,True,5,High,Low,High SPI / Low AI
ADENZAI,,9618217B4451792369461,PAK,ADM3,ADENZAI,ADENZAI,ADENZAI,-0.6564164161682129,-0.6925748586654663,0.2919495701789856,-1.1265277862548828,1.0142208337783811,-0.8963267207145691,-0.4825589656829834,38738,2.1407485008239746,0.9168635606765748,0.952457845211029,0.1001573950052261,0.4083309173583984,1.0,0.8853488564491272,0.9809300899505616,38738,0.5916690826416016,387.5036874842167,-0.6564164161682129,0.9168635606765748,-1.3622485170634109,0.8958820924140609,-2.2581306094774716,72,4,1.3515442415748657,-0.9921422006671586,0.02,3,LL,0.5893476253711863,0.6578406135824402,0.195,1,Not Significant,1.0835810961840917,-0.8898071505147767,0.046,3,LL,-0.43221401003052035,-0.22420240613769254,False,False,False,24.07997703552246,38738,0.10008260607719421,38738,0.0018844545120373368,38738,0.010348002426326275,38738,10.008260607719421,0.18844545120373368,1.0348002426326275,-1.1106152539523466,-0.49221597351807794,-0.686443995827816,-0.9169399502855933,-0.8421298866688605,-2.2361843473407705,False,-0.8015537933959584,-2.202078031322068,False,-0.8942584135968004,-2.187341183221071,False,-0.7900013597409203,-2.279668207221651,False,0,Low,High,Low SPI / High AI
LALQILLA,,9618217B49164558096656,PAK,ADM3,LALQILLA,LALQILLA,LALQILLA,-0.5362297296524048,-0.5856277942657471,0.3026948273181915,-1.0622954368591309,0.7319435477256775,-0.7709946036338806,-0.3442130982875824,21122,1.7942390441894531,0.8900571465492249,0.9469975233078004,0.1329235732555389,0.3701749145984649,1.0,0.850131094455719,0.9809300899505616,21122,0.6298251152038574,211.35278576809296,-0.5362297296524048,0.8900571465492249,-0.9774127814975129,0.7871124753007611,-1.764525256798274,65,5,0.4556001412154625,-0.4661286918280615,0.244,3,Not Significant,0.4946600989285249,0.6284490647153214,0.187,1,Not Significant,0.5617038994273377,-0.5902868236901464,0.182,3,Not Significant,-0.40778174505431847,-0.12844798459808632,False,False,False,30.46821403503418,21122,0.12219487130641937,21122,4.7344001359306276e-05,21122,0.031179919838905334,21122,12.219487130641937,0.004734400135930628,3.1179919838905334,-0.6463617227087539,-0.3332712953506124,-0.7003904371331191,-0.7245319644918865,-0.5906203950215615,-1.7271216826504783,False,-0.601138854921093,-1.766716261705473,False,-0.6035734806682502,-1.6587737834050365,False,-0.5776673093748727,-1.7989689636913138,False,0,Low,High,Low SPI / High AI
MUNDA,,9618217B64606316264088,PAK,ADM3,MUNDA,MUNDA,MUNDA,-0.6601209044456482,-0.7253957986831665,0.3064977824687958,-1.1027032136917114,0.6122269034385681,-0.9281448125839232,-0.4553828835487366,22808,1.7149300575256348,0.9305599331855774,0.9643452763557434,0.0831808298826217,0.5202189683914185,1.0,0.9024080634117126,0.9847147464752196,22808,0.4797810316085815,228.01114205602548,-0.6601209044456482,0.9305599331855774,-1.3741102258139433,0.9514564481099754,-2.3255666739239187,73,6,1.6726275882140527,-1.2172441168053207,0.003,3,LL,0.8554669267726578,0.8991130686769777,0.046,1,HH,1.431366021970635,-1.1413147703249988,0.005,3,LL,-0.444697343338846,-0.21542356110680222,False,False,False,22.549833297729492,22808,0.1115398108959198,22808,0.002323745982721448,22808,0.016596922650933266,22808,11.15398108959198,0.2323745982721448,1.6596922650933266,-1.2218156733536545,-0.40986069631182287,-0.6831091105957049,-0.8592236042580226,-0.856696806177262,-2.3149428642611207,False,-0.7935022711298012,-2.2445317882849576,False,-0.9242298831672509,-2.286199366335417,False,-0.7891637291872728,-2.333775348317003,False,0,Low,High,Low SPI / High AI
SAMARBAGH(BARWA),,9618217B88301409575294,PAK,ADM3,SAMARBAGH BARWA,SAMARBAGH(BARWA),SAMARBAGH(BARWA),-0.5209475159645081,-0.5601739883422852,0.3464594185352325,-1.1115707159042358,0.7388258576393127,-0.8067442178726196,-0.2947964966297149,28076,1.8503966331481931,0.9038060903549194,0.9499515891075134,0.1193907856941223,0.3427897095680237,1.0,0.8703644871711731,0.9809300899505616,28426,0.6572102904319763,284.2665747426729,-0.5209475159645081,0.9038060903549194,-0.9284793919836632,0.8429001441158857,-1.7713795360995488,66,4,0.7460001208439629,-0.8034643819613059,0.143,3,Not Significant,0.5680821729676072,0.6739614139744465,0.194,1,Not Significant,0.7611149316822491,-0.7967501395925145,0.112,3,Not Significant,-0.42031299360579516,-0.1006345223587129,False,False,False,30.263200759887695,28426,0.133469358086586,28426,3.517906225170009e-05,28426,0.033540502190589905,28076,13.3469358086586,0.003517906225170009,3.3540502190589905,-0.6612606904436461,-0.25222940958268725,-0.7004827873800208,-0.702729127691394,-0.5730675552028436,-1.754972911776406,False,-0.579175503774437,-1.7867128952726354,False,-0.5915580143990727,-1.6972091042772421,False,-0.5545770960066143,-1.8143112380106374,False,0,Low,High,Low SPI / High AI
TEMERGARA,,9618217B87730202746425,PAK,ADM3,TEMERGARA,TEMERGARA,TEMERGARA,-0.4146177172660827,-0.473296195268631,0.3971242308616638,-1.1275235414505005,1.2257051467895508,-0.7358924150466919,-0.1505461037158966,64906,2.3532285690307617,0.8944546580314636,0.9438742995262146,0.1177252531051635,0.3219967186450958,1.0,0.8484180569648743,0.9784520268440248,64906,0.6780033111572266,649.0157879567057,-0.4146177172660827,0.8944546580314636,-0.588013176623776,0.8049558033155453,-1.3929689799393212,55,8,0.6169063046405975,-1.049136871698554,0.078,3,LL,0.6386633575253915,0.7934141910584291,0.055,1,HH,0.7464383065342068,-0.9936558712433651,0.033,3,LL,-0.411789784520527,-0.0028279327455557057,False,False,False,31.061105728149414,64906,0.21394015848636627,64906,0.001294179237447679,64906,0.036203108727931976,64906,21.394015848636627,0.1294179237447679,3.6203108727931976,-0.6032743948286551,0.326200947453584,-0.6909250759932101,-0.6781367317700375,-0.39966504603221364,-1.4410476590876682,False,-0.41153381378457965,-1.4755830284844507,False,-0.4417562790880979,-1.4429259402189842,False,-0.35757381297632945,-1.4312910257988603,False,0,Low,High,Low SPI / High AI
SWAT RANIZAI,,9618217B91992316601631,PAK,ADM3,SWAT RANIZAI,SWAT RANIZAI,SWAT RANIZAI,-0.602932333946228,-0.6801074743270874,0.3571579754352569,-1.2228509187698364,1.1867647171020508,-0.9004241824150085,-0.3740628957748413,65555,2.4096155166625977,0.8622493743896484,0.9117224812507628,0.1427152156829834,0.2053465694189071,1.0,0.7911750078201294,0.9731379747390748,67730,0.7946534156799316,677.1415821315026,-0.602932333946228,0.8622493743896484,-1.1909933912283435,0.6742797511548996,-1.8652731423832432,68,5,1.142974052955287,-0.9596812722667327,0.021,3,LL,0.4729073810442296,0.7013518947206089,0.211,1,Not Significant,0.9010599416484613,-0.8957664143306401,0.057,3,LL,-0.382436808780002,-0.220495525166226,False,False,False,28.535491943359375,67730,0.11545843631029129,67730,0.0010925735114142299,67730,0.013822128996253014,65555,11.545843631029129,0.10925735114142299,1.3822128996253014,-0.7868187934218651,-0.3816933127855557,-0.6924555677130037,-0.8848521840721784,-0.6813697867185624,-1.7587222772244226,False,-0.6864549644981507,-1.7929129536401534,False,-0.7063442220358209,-1.6943592415095323,False,-0.6563953514013039,-1.824038244470977,False,0,Low,Medium,Low SPI / Medium AI
BALAKOT,,9618217B1796422743035,PAK,ADM3,BALAKOT,BALAKOT,BALAKOT,0.0965566411614418,0.0430452674627304,0.4308929741382599,-0.9934882521629332,2.107067346572876,-0.2124237269163131,0.3581576943397522,243355,3.100555658340454,0.5400465130805969,0.5439664721488953,0.2821685671806335,0.0126196397468447,1.0,0.3013959527015686,0.7838425636291504,243658,0.9873803853988647,2436.4136507362045,0.0965566411614418,0.5400465130805969,1.048758465316849,-0.6330895109516149,1.6818479762684637,21,7,0.9415906020183096,0.8978145427735243,0.031,1,HH,0.19182370525738823,-0.3029961829079311,0.49,3,Not Significant,0.5873462992755925,0.6475764237654434,0.12,1,Not Significant,-0.08877031365705279,0.1853269548184946,False,True,False,48.58419418334961,243658,0.19657881557941437,243658,0.08720830082893372,243658,0.26167741417884827,243355,19.657881557941437,8.720830082893372,26.167741417884827,0.6701842596079806,0.2014062675646445,-0.038707233295164255,1.4043915396722044,0.5213425550261511,1.4628387137198637,True,0.5593187083874163,1.5445440277541032,True,0.5802260292734751,1.4710331845416325,True,0.4624590807788271,1.4431443883992834,True,5,High,Low,High SPI / Low AI
MANSEHRA,,9618217B1764376648259,PAK,ADM3,MANSEHRA,MANSEHRA,MANSEHRA,-0.3095666468143463,-0.4042270183563232,0.5351319313049316,-1.1302400827407837,2.370784282684326,-0.7765717506408691,0.0732115730643272,133157,3.5010242462158203,0.8042718172073364,0.8915362358093262,0.2189828604459762,0.0639084726572036,1.0,0.707949161529541,0.969663143157959,136817,0.9360915422439576,1368.082874998356,-0.3095666468143463,0.8042718172073364,-0.25164142746201207,0.4390302072985113,-0.6906716347605233,45,3,-0.22787291168025656,0.9055460938150036,0.53,2,Not Significant,0.019649685062344,0.04475702294667738,0.907,1,Not Significant,-0.17290251319592015,0.4642086352226343,0.63,2,Not Significant,-0.3295941184812687,0.02002747166692237,False,False,False,28.145214080810547,136817,0.27753129601478577,136817,0.05117054283618927,136817,0.04259219393134117,133157,27.753129601478577,5.117054283618927,4.259219393134117,-0.815181528847671,0.7832989780704978,-0.31228820390048206,-0.6191257924164647,-0.2855743766640101,-0.893539644680073,False,-0.24082413677353,-0.8314723765406951,False,-0.390643068257278,-1.003184297537881,False,-0.18050568507074222,-0.7552084740380016,False,0,Medium,Medium,Medium SPI / Medium AI
ALPURI,,9618217B67800644266725,PAK,ADM3,ALPURI,ALPURI,ALPURI,0.1142160296440124,0.1137416735291481,0.4111482799053192,-1.0603479146957395,1.7299959659576416,-0.1781150698661804,0.407028466463089,57179,2.790343761444092,0.7093082666397095,0.7616303563117981,0.2377724796533584,0.0878503993153572,1.0,0.5342626571655273,0.917496144771576,57179,0.9121496081352234,571.8336793628346,0.1142160296440124,0.7093082666397095,1.1053035282797101,0.05370641927191076,1.0515971090077993,31,9,0.4560032904201878,0.41255933664656763,0.122,1,Not Significant,0.007901878915225624,0.14713099518363199,0.95,1,Not Significant,0.08117636838370192,0.14314090676781446,0.671,1,Not Significant,-0.24304115322725556,0.35725718287126795,False,False,False,50.38375473022461,57179,0.40560346841812134,57179,0.002658318728208542,57179,0.10117830336093903,57179,40.560346841812134,0.2658318728208542,10.117830336093903,0.8009640567002342,1.7038916904784454,-0.6805691985271775,-0.07801212114048729,0.5985428874231964,0.8989119290175184,False,0.4365686068777536,0.6577170011606512,False,0.6274731684956565,0.8524700453496061,False,0.5696126063507363,0.9440412501067935,False,0,High,Medium,High SPI / Medium AI
BISHAM,,9618217B47007823281887,PAK,ADM3,BISHAM,BISHAM,BISHAM,-0.0279175713658332,-0.0289964824914932,0.4332199692726135,-1.1244182586669922,1.4232358932495115,-0.3521851897239685,0.2659970223903656,18407,2.547654151916504,0.8010984063148499,0.8968043327331543,0.2192005366086959,0.1773834079504013,1.0,0.6546922922134399,0.9746546149253844,18407,0.8226165771484375,184.02470365650586,-0.0279175713658332,0.8010984063148499,0.6501941440463791,0.4261537857794253,0.2240403582669538,36,5,0.6118857851118175,0.9410816610925536,0.138,1,Not Significant,0.14784646853145683,0.3469321955243201,0.641,1,Not Significant,0.0387128291281361,0.3204145148491058,0.863,1,Not Significant,-0.32670176535133283,0.2987841939854996,False,False,False,51.49982452392578,18407,0.308904230594635,18407,0.06057478114962578,18407,0.043230894953012466,18407,30.8904230594635,6.057478114962578,4.323089495301247,0.8820724036322094,1.0088100660694104,-0.24089584241918047,-0.6132266149826127,0.4648683172390084,0.31371314413565954,False,0.25919000307495665,-0.003782970231652194,False,0.5146798464197178,0.3171302095485655,False,0.4150567880582989,0.30087005169861136,False,0,High,Medium,High SPI / Medium AI
CHIKSAR,,9618217B39481930993585,PAK,ADM3,CHIKSAR,CHIKSAR,CHIKSAR,-0.1393685340881347,-0.1611579358577728,0.4290100336074829,-1.0936161279678345,1.518993616104126,-0.4440732002258301,0.1285170465707779,24074,2.61260986328125,0.8122048377990723,0.8703644871711731,0.1825687289237976,0.170884758234024,1.0,0.708625853061676,0.9622238278388976,24074,0.8291152715682983,240.65880789705173,-0.1393685340881347,0.8122048377990723,0.2933300481789634,0.471219205357549,-0.1778891571785856,38,6,0.1448472512855467,0.49380297785644545,0.581,1,Not Significant,0.266947689623003,0.566504265080728,0.422,1,Not Significant,0.0037611834740573728,-0.03920654485920553,0.987,3,Not Significant,-0.336824539537892,0.19745600544975728,False,False,False,48.27333450317383,24074,0.2801777720451355,24074,0.006853867322206497,24074,0.042294565588235855,24074,28.01777720451355,0.6853867322206497,4.2294565588235855,0.6475930964664297,0.8023220531178202,-0.6487186528634091,-0.6218747506077752,0.2365928087021788,-0.0946669893361915,False,0.044830436528266404,-0.3981644277304558,False,0.2936719483361012,-0.04710767156921114,False,0.1795136690682564,-0.15677857862713018,False,0,Medium,Medium,Medium SPI / Medium AI
MARTUNG,,9618217B75574497464279,PAK,ADM3,MARTUNG,MARTUNG,MARTUNG,-0.2288126498460769,-0.2641218304634094,0.4207426905632019,-1.1402316093444824,1.2166564464569092,-0.5751309990882874,0.069625549018383,15128,2.356888055801392,0.8942193388938904,0.9258747100830078,0.1031165495514869,0.5104225277900696,1.0,0.8417991995811462,0.9746546149253844,15128,0.4895774722099304,151.34601738305108,-0.2288126498460769,0.8942193388938904,0.006931503734345591,0.8040009731628932,-0.7970694694285476,47,4,0.0004498551265998617,0.06490007707430501,0.997,1,Not Significant,0.4834846265336847,0.6013483101042578,0.284,1,Not Significant,0.12435319124266622,-0.2892972396492252,0.703,3,Not Significant,-0.41157530676547,0.18276265691939308,False,False,False,42.55754470825195,15128,0.2799444794654846,15128,0.003833950264379382,15128,0.025031767785549164,15128,27.994447946548462,0.3833950264379382,2.5031767785549164,0.2322084455304366,0.8006451279540221,-0.6716443809287965,-0.7813175944226864,0.04151814485151788,-0.7379222553240325,False,-0.10502710046675609,-0.9751510235216365,False,0.05828895205330033,-0.7198219530068808,False,0.02474733764973551,-0.7606529183831017,False,0,Medium,High,Medium SPI / High AI
PURAN,,9618217B85285460066544,PAK,ADM3,PURAN,PURAN,PURAN,-0.2585243284702301,-0.3001884818077087,0.4012941420078277,-1.085747241973877,1.197638988494873,-0.5601354837417603,0.0023232474923133,24130,2.28338623046875,0.8301417231559753,0.8968043327331543,0.1765195578336715,0.2914569079875946,1.0,0.7348672747612,0.9643452763557434,24130,0.708543062210083,241.3192404649403,-0.2585243284702301,0.8301417231559753,-0.08820478822690786,0.5439998519299286,-0.6322046401568364,44,6,0.006704148648483114,-0.07600662938203098,0.949,3,Not Significant,0.2551613313562285,0.4690466926617752,0.424,1,Not Significant,0.10021428018928341,-0.293937815095961,0.683,3,Not Significant,-0.35317281849104326,0.09464849002081316,False,False,False,42.08966064453125,24130,0.2514297664165497,24130,0.0,24130,0.03124558925628662,24130,25.14297664165497,0.0,3.124558925628662,0.19820582026597922,0.595679158089911,-0.7007498495540256,-0.7239254278934383,-0.02053666646595144,-0.5766852378884675,False,-0.15769757477289342,-0.8009806477805714,False,0.004537450133852219,-0.5374470131359632,False,-0.0456107830657551,-0.6238928388389533,False,0,Medium,Medium,Medium SPI / Medium AI
BABUZAI,,9618217B96227356091196,PAK,ADM3,BABUZAI,BABUZAI,BABUZAI,-0.4214273989200592,-0.468006819486618,0.439063549041748,-1.16601300239563,1.344296932220459,-0.8230871558189392,-0.1204357147216796,32566,2.510309934616089,0.857529878616333,0.9299618601799012,0.1673844158649444,0.3023302853107452,1.0,0.7616303563117981,1.0,32566,0.6976697444915771,325.5846085305739,-0.4214273989200592,0.857529878616333,-0.6098176619977276,0.6551299407478594,-1.264947602745587,53,6,0.2695566550859698,-0.44202828465629834,0.358,3,Not Significant,0.32520419775802434,0.4963964818747095,0.341,1,Not Significant,0.3452271465738127,-0.5060762210782244,0.323,3,Not Significant,-0.37813530203091167,-0.043292096889147536,False,False,False,35.0031852722168,32566,0.1735859513282776,32566,0.004114720970392227,32566,0.046915020793676376,32566,17.35859513282776,0.4114720970392227,4.691502079367638,-0.3167909176320045,0.03613177530163626,-0.6695129075368058,-0.579199251184374,-0.33846589241241,-1.193819525332708,False,-0.382342825262887,-1.2781881181823604,False,-0.3384759275638519,-1.143945932887646,False,-0.338455857260968,-1.2479776744614088,False,0,Low,Medium,Low SPI / Medium AI
BAHRAIN,,9618217B66331326355874,PAK,ADM3,BAHRAIN,BAHRAIN,BAHRAIN,0.2336229830980301,0.2011819034814834,0.4223636984825134,-1.071042776107788,2.7812540531158447,-0.0556333623826503,0.5025196075439453,318521,3.852296829223633,0.307002991437912,0.2089314013719558,0.2810288071632385,0.0020288319792598,1.0,0.0764936879277229,0.4767706990242004,318521,0.9979711771011353,3185.3552113610563,0.2336229830980301,0.307002991437912,1.4876425717819683,-1.5786861319464314,3.0663287037283995,3,8,1.3108260646504273,0.8811431519335039,0.007,1,HH,1.3808436044193888,-0.8746789982356314,0.006,3,LL,1.5657851621899546,0.9468844710138813,0.002,1,HH,0.12363336871208908,0.10998961438594101,True,True,True,52.7620735168457,318521,0.1623503565788269,318521,0.1791781336069107,318521,0.3183351755142212,318521,16.23503565788269,17.91781336069107,31.83351755142212,0.9738040585968786,-0.044630551531854,0.6594825964626545,1.927694580972522,0.7994146919941971,2.851004489557077,True,0.8790876711250504,3.0112297184508128,True,0.866052495607345,2.8294111478504993,True,0.7327768883810493,2.8622364333359744,True,5,High,Low,High SPI / Low AI
BARIKOT,,9618217B68002200879702,PAK,ADM3,BARIKOT,BARIKOT,BARIKOT,-0.5489618182182312,-0.6603167057037354,0.3919504284858703,-1.1779807806015017,1.142234444618225,-0.8584679365158081,-0.3085468411445617,35069,2.3202152252197266,0.8100440502166748,0.8853488564491272,0.1963318735361099,0.1398322433233261,1.0,0.6939740777015686,0.969663143157959,35069,0.8601677417755127,350.7276082587479,-0.5489618182182312,0.8100440502166748,-1.0181807135419287,0.4624516008251416,-1.4806323143670703,57,5,1.0285933056017518,-1.0102266640109505,0.038,3,LL,0.31366799255953853,0.6782720440363229,0.381,1,Not Significant,0.727077821889774,-0.9105781048627014,0.097,3,LL,-0.33485512525817457,-0.21410669296005663,False,False,False,30.24064064025879,35069,0.13618865609169006,35069,0.0035644015297293663,35069,0.02641167677938938,35069,13.618865609169006,0.35644015297293663,2.641167677938938,-0.6629002061979611,-0.23268288453054348,-0.6736906626221758,-0.7685724637261192,-0.5733548056951734,-1.374981545565698,False,-0.5844615542691999,-1.4148783935421827,False,-0.5943261489573335,-1.3207582114256637,False,-0.5523834624330132,-1.4300202713585963,False,0,Low,Medium,Low SPI / Medium AI
CHARBAGH,,9618217B24557098667068,PAK,ADM3,CHARBAGH,CHARBAGH,CHARBAGH,-0.4692716002464294,-0.557561457157135,0.4118563532829284,-1.1207997798919678,1.475691795349121,-0.7848535180091858,-0.2528608441352844,13507,2.596491575241089,0.8814412355422974,0.917496144771576,0.1182870715856552,0.3495639860630035,1.0,0.8310009837150574,0.9731379747390748,13507,0.6504360437393188,134.99297502027161,-0.4692716002464294,0.8814412355422974,-0.7630139846833924,0.7521525833564814,-1.5151665680398738,58,5,0.16887923283900425,-0.22133176616556982,0.554,3,Not Significant,0.24210887397901698,0.3218879777007558,0.493,1,Not Significant,0.2393695299097479,-0.2929489981463178,0.476,3,Not Significant,-0.3999289147677844,-0.06934268547864497,False,False,False,31.911590576171875,13507,0.16606204211711884,13507,0.010068853385746479,13507,0.03855123743414879,13507,16.606204211711884,1.006885338574648,3.855123743414879,-0.5414669518684491,-0.01795066789139715,-0.6243120566505448,-0.656448919467424,-0.44440419697045147,-1.459449589112321,False,-0.46004464896945374,-1.5018320897741098,False,-0.46643775593019926,-1.4257669111980513,False,-0.4223706380107037,-1.4919875431004885,False,0,Low,High,Low SPI / High AI
KABAL,,9618217B36757297695869,PAK,ADM3,KABAL,KABAL,KABAL,-0.5968074202537537,-0.7076659202575684,0.3886696994304657,-1.1125612258911133,1.130832552909851,-0.8936772346496582,-0.3996789455413818,40583,2.243393898010254,0.8660436272621155,0.9258747100830078,0.1529055833816528,0.288504421710968,1.0,0.7892396450042725,0.9809300899505616,40583,0.711495578289032,405.7665040758155,-0.5968074202537537,0.8660436272621155,-1.1713815212745864,0.6896752990341741,-1.8610568203087605,67,7,0.7545545826737934,-0.6441578332674728,0.043,3,LL,0.4201415461155226,0.609187463584518,0.193,1,Not Significant,0.6783648084247624,-0.6759074079872576,0.075,3,LL,-0.38589501811476895,-0.2109124021389847,False,False,False,23.43760871887207,40583,0.14446936547756195,40583,0.006825517863035202,40583,0.017372334375977516,40583,14.446936547756195,0.6825517863035202,1.7372334375977516,-1.1572982056629266,-0.1731605029612338,-0.6489338680429378,-0.852061737915057,-0.7638054423013252,-1.9053193141055769,False,-0.7078635786455388,-1.84319554851161,False,-0.8384305443174093,-1.9005095858639274,False,-0.6891803402852411,-1.8968607978007128,False,0,Low,Medium,Low SPI / Medium AI
KHAWAZA KHELA,,9618217B23020330942802,PAK,ADM3,KHAWAZA KHELA,KHAWAZA KHELA,KHAWAZA KHELA,-0.3121717870235443,-0.4257502257823944,0.512229323387146,-1.068796157836914,1.6271580457687378,-0.7306424379348755,0.0009124837815761,28650,2.6959543228149414,0.7194160223007202,0.7937005162239075,0.2504681348800659,0.1119665801525116,1.0,0.517288863658905,0.9469975233078004,28650,0.888033390045166,286.5323435705348,-0.3121717870235443,0.7194160223007202,-0.2599830423090704,0.09471961513988095,-0.35470265744895135,41,4,-0.10783784497375881,0.41478799546302775,0.709,2,Not Significant,-0.015548663258821512,-0.16415462875202147,0.943,4,Not Significant,-0.059721802773331716,0.31221372872215375,0.828,2,Not Significant,-0.2522537007709628,-0.05991808625258149,False,False,False,34.098899841308594,28650,0.2503315806388855,28650,0.0034904014319181442,28650,0.048150282353162766,28650,25.03315806388855,0.3490401431918144,4.8150282353162766,-0.38250822032183207,0.5877853135113726,-0.6742524350439829,-0.5677901147193046,-0.22607596396758195,-0.4545336166225622,False,-0.25919136414343674,-0.5170926486574718,False,-0.26000342992313463,-0.4702081630917847,False,-0.19214849801202924,-0.4312917238478695,False,0,Medium,Medium,Medium SPI / Medium AI
MATTA,,9618217B40124352215218,PAK,ADM3,MATTA,MATTA,MATTA,-0.2843131422996521,-0.3813562393188476,0.5334485769271851,-1.103386640548706,1.627934455871582,-0.7557996511459351,0.1093711555004119,68039,2.731321096420288,0.7247120141983032,0.8130397796630859,0.2611007392406463,0.0536592714488506,1.0,0.5374467372894287,0.9499515891075134,68039,0.9463407397270204,680.4163559458368,-0.2843131422996521,0.7247120141983032,-0.1707801335261749,0.11620861430995338,-0.28698874783612827,40,7,-0.03342690523824712,0.19573064236493232,0.859,2,Not Significant,-0.01512896404205288,-0.13018797385967165,0.928,4,Not Significant,-0.02720238471967152,0.17576226412662738,0.909,2,Not Significant,-0.2570806454245392,-0.02723249687511292,False,False,False,34.727046966552734,68039,0.25489792227745056,68039,0.009244698099792004,68039,0.062356382608413696,68039,25.489792227745056,0.9244698099792004,6.23563826084137,-0.3368587678895893,0.6206085315137126,-0.6305686390690827,-0.43657957456778745,-0.17119203827639223,-0.3886714238593919,False,-0.1958496125031867,-0.4353612034388006,False,-0.20437990968758263,-0.41136747256739686,False,-0.13800416686520178,-0.3579401601344866,False,0,Medium,Medium,Medium SPI / Medium AI
TORGHER,,9618217B27486600301498,PAK,ADM3,TORGHER,TORGHER,TORGHER,-0.0468508787453174,-0.0927889570593833,0.4668516218662262,-1.1716642379760742,1.680955410003662,-0.4048994779586792,0.2713543772697449,44476,2.8526196479797363,0.951480507850647,0.9622238278388976,0.0595515221357345,0.4482253789901733,1.0,0.9258747100830078,1.0,46719,0.5517746210098267,467.1352026233085,-0.0468508787453174,0.951480507850647,0.5895700143419572,1.036343702529736,-0.44677368818777874,42,4,0.06841813373863538,0.11604751271992626,0.805,1,Not Significant,0.5606286549136585,0.5409678792326836,0.202,1,Not Significant,0.05521131321703268,-0.2291521931362462,0.843,3,Not Significant,-0.4637650568063439,0.4169141780610265,False,False,False,46.94733428955078,46719,0.362143874168396,46719,0.0071705300360918045,46719,0.05129557102918625,44476,36.2143874168396,0.7170530036091805,5.129557102918625,0.5512284372261244,1.3915007549635459,-0.6463147049641892,-0.5387395646951382,0.35829268793422764,-0.4660985358826245,False,0.18941873063258577,-0.7276707491435974,False,0.3761562291568722,-0.4931110369801569,False,0.3404291467115831,-0.4400395057245874,False,0,Medium,High,Medium SPI / High AI
DIR,,9618217B75611380767926,PAK,ADM3,DIR,DIR,DIR,-0.0570195876061916,-0.0847978666424751,0.4475027024745941,-1.0502581596374512,1.5148208141326904,-0.3840129375457763,0.237697497010231,112244,2.5650789737701416,0.6875453591346741,0.7340829372406006,0.2491275370121002,0.0841100141406059,1.0,0.5059693455696106,0.9115925431251526,112888,0.9158899784088136,1129.0781698158191,-0.0570195876061916,0.6875453591346741,0.5570099807169743,-0.0345986820873836,0.5916086628043579,34,6,0.03846879961066724,0.06906303467157056,0.843,1,Not Significant,-0.0009737987964461642,0.028145545948446964,0.994,2,Not Significant,0.007040061246715392,0.02206609289048962,0.976,1,Not Significant,-0.22320570935589118,0.16618612174969957,False,True,False,40.68742370605469,112888,0.32931753993034363,112888,0.03801112622022629,112888,0.09786848723888397,112244,32.93175399303436,3.801112622022629,9.786848723888397,0.09630079539327849,1.1555425174515892,-0.41218803593553066,-0.10858228137967904,0.2286809981261507,0.39855875796091944,True,0.18276824888241447,0.3324341441841953,True,0.20114335358967567,0.32508341066151036,True,0.25621864266262584,0.48339765654442,True,5,Medium,Medium,Medium SPI / Medium AI
SHARINGAL,,9618217B41054895723693,PAK,ADM3,SHARINGAL,SHARINGAL,SHARINGAL,0.242757499217987,0.2180522680282592,0.4235202670097351,-0.9406766891479492,2.156330347061157,-0.0589863657951355,0.5318809151649475,197298,3.0970070362091064,0.3480558693408966,0.2630657851696014,0.2844850420951843,0.0058168075047433,1.0,0.1045539677143096,0.5479797720909119,197298,0.9941831827163696,1972.763489668719,0.242757499217987,0.3480558693408966,1.516891137758532,-1.4121101106370075,2.929001248395539,5,5,1.2667894792786762,0.8351222099896873,0.014,1,HH,1.0378308494439168,-0.7349503708147431,0.031,3,LL,1.3374335931355763,0.8467129458329212,0.014,1,HH,0.08621639879599607,0.15654110042199093,True,True,True,50.0926399230957,197298,0.29541605710983276,197298,0.10801427066326141,197298,0.24714718759059906,197298,29.541605710983276,10.801427066326141,24.714718759059906,0.7798078163764606,0.9118560285076982,0.11924147768753174,1.270187300302331,0.7542635242603648,2.612567567828113,True,0.7702731557185054,2.6673317515785167,True,0.7806894305882494,2.539556547707634,True,0.7278376179324803,2.6870086625330427,True,5,High,Low,High SPI / Low AI
WARI,,9618217B67850657595713,PAK,ADM3,WARI,WARI,WARI,-0.2300563007593155,-0.3313002586364746,0.5154355764389038,-1.120247721672058,1.465121150016785,-0.6595137715339661,0.1578907817602157,48777,2.5853688716888428,0.8384056687355042,0.9115925431251526,0.170177936553955,0.2703210711479187,1.0,0.7333022356033325,0.9746546149253844,48777,0.7296789288520813,487.68500831272235,-0.2300563007593155,0.8384056687355042,0.0029493545641010154,0.5775316101225846,-0.5745822555584835,43,5,-0.0013865373735635594,-0.4701155264410152,0.986,4,Not Significant,0.27298227156916893,0.47267070197461003,0.449,1,Not Significant,0.15754273518117368,-0.5084282819228066,0.609,3,Not Significant,-0.36070485568142446,0.13064855492210897,False,False,False,35.3973388671875,48777,0.2961231768131256,48777,0.0003280234523117542,48777,0.056712694466114044,48777,29.61231768131256,0.03280234523117542,5.671269446611404,-0.2881465203857076,0.9169388598006771,-0.6982596565047571,-0.48870586934908317,-0.09898170490742764,-0.7350671689289443,False,-0.1395432966097177,-0.8049285594417539,False,-0.13873031711079437,-0.7778814491390902,False,-0.05923309270406088,-0.6812857748595551,False,0,Medium,Medium,Medium SPI / Medium AI
